{
  "swagger": "2.0",
  "info": {
    "description": "Generic Form Parser aims to parse all kinds of Structured AE forms .In addition to its OOTB features, it contains a provision of a hook which can be attached to it in case some items are not parsed by Generic Form Parser.",
    "version": "1.0",
    "title": "Generic Form Parser",
    "contact": {
      "email": "aditya.aggarwal@rxlogix.com"
    }
  },
  "basePath": "/api",
  "tags": [
    {
      "description": "Requests for Extracting the data using tesserocr",
      "name": "Extraction"
    },
    {
      "description": "Requests for first time configuration of a new AE form",
      "name": "Configure"
    },
    {
      "description": "Requests related to extraction of data from the testing form and population into json",
      "name": "Testing"
    },
    {
      "description": "Requests related to post processing files",
      "name": "Post Processing"
    }
  ],
  "paths": {
    "/datastring": {
      "get": {
        "tags": [
          "Extraction"
        ],
        "summary": "Request for extracting the data by giving the coordinates of a particular region using tesserOCR",
        "parameters": [
          {
            "name": "URL",
            "in": "params",
            "type": "string",
            "description": "URL of the png image from which data needs to be extracted",
            "default": " http://18.213.8.225:4455/22309212-ba9e-11ea-a055-12414bf81c8f_0.png",
            "required": true
          },
          {
            "name": "coord",
            "in": "params",
            "type": "string",
            "description": "comma seperated string having coordinates in the format x1,y1,width,height",
            "default": "101 , 1579 , 4056 , 917",
            "required": true
          }
        ],
        "responses": {
          "200": {
            "description": "Data successfully extracted from the given region"
          },
          "400": {
            "description": "Bad Request"
          }
        }
      }
    },
    "/convert": {
      "post": {
        "tags": [
          "Configure"
        ],
        "summary": "Request for the configuring and storing the AE form for the first time",
        "parameters": [
          {
            "name": "doctype",
            "in": "formData",
            "type": "string",
            "description": "Doctype of the file being sent (possible values : digitalpdf/imagepdf/docx",
            "default": "digitalpdf",
            "required": true
          },
          {
            "name": "file1",
            "in": "formData",
            "type": "file",
            "description": "File to be parsed",
            "required": true
          }
        ],
        "responses": {
          "200": {
            "description": "Form successfully configured and stored",
            "schema": {
              "type": "object",
              "properties": {
                "formtype": {
                  "type": "string"
                },
                "formID": {
                  "type": "string"
                },
                "url_pdf": {
                  "type": "string"
                },
                "url_docx": {
                  "type": "string"
                },
                "structual_json": {
                  "type": "string"
                },
                "metadata_json": {
                  "type": "string"
                },
                "url_png": {
                  "type": "string"
                }
              }
            }
          },
          "400": {
            "description": "Bad Request"
          }
        }
      }
    },
    "/<name>": {
      "get": {
        "tags": [
          "Configure"
        ],
        "summary": "Request for getting the png file corresponding to the png url passed",
        "responses": {
          "200": {
            "description": "PNG file successfully rendered"
          },
          "400": {
            "description": "Bad Request"
          }
        }
      }
    },
    "/getKeyValues": {
      "post": {
        "tags": [
          "Testing"
        ],
        "summary": "Main request for the extraction of data from the test form and its population into PVI JSON",
        "parameters": [
          {
            "name": "file1",
            "in": "formData",
            "type": "file",
            "description": "AE form to be parsed",
            "required": true
          },
          {
            "name": "form_id",
            "in": "formData",
            "type": "string",
            "default": "",
            "description": "Form ID of the configured form",
            "required": true
          },
          {
            "name": "doctype",
            "in": "formData",
            "type": "string",
            "default": "digitalpdf",
            "description": "Doctype of the testing form being sent",
            "required": true
          },
          {
            "name": "form_config",
            "in": "formData",
            "type": "string",
            "description": "stored mapping configuration corresponding to the respective form id",
            "default": "",
            "required": true
          },
          {
            "name": "outputformat",
            "in": "formData",
            "type": "string",
            "default": "PVI_4.6",
            "description": "Required Output format in which the json needs to be populated",
            "required": true
          },
          {
            "name": "enhance_img",
            "in": "formData",
            "type": "string",
            "default": "false",
            "description": "Flag for enhancing image (useful for Image Pdf)",
            "required": true
          },
          {
            "name": "metadata_config",
            "in": "formData",
            "type": "string",
            "default": "",
            "description": "metadata configuration (useful for docx)",
            "required": false
          }
        ],
        "responses": {
          "200": {
            "description": "Form successfully parsed"
          },
          "400": {
            "description": "Bad Request"
          },
          "500": {
            "description": "Error in the API"
          }
        }
      }
    },
    "/DownloadPostProcess": {
      "get": {
        "tags": [
          "Post Processing"
        ],
        "summary": "Downloading Latest Post processing file",
        "parameters": [
          {
            "name": "form_id",
            "in": "formData",
            "type": "string",
            "default": "",
            "description": "Form ID of the configured form",
            "required": true
          }
        ],
        "responses": {
          "200": {
            "description": "Post Processing file successfully Downloaded"
          },
          "400": {
            "description": "Bad Request"
          },
          "500": {
            "description": "Error in the API"
          }
        }
      }
    },
    "/UploadPostProcess": {
      "post": {
        "tags": [
          "Post Processing"
        ],
        "summary": "Uploading Post processing file",
        "parameters": [
          {
            "name": "postprocessingfile",
            "in": "formData",
            "type": "file",
            "description": "Updated Post Processing file",
            "required": true
          },
          {
            "name": "form_id",
            "in": "formData",
            "type": "string",
            "default": "",
            "description": "Form ID of the configured form",
            "required": true
          }
        ],
        "responses": {
          "200": {
            "description": "Post Processing file successfully uploaded"
          },
          "400": {
            "description": "Bad Request"
          },
          "500": {
            "description": "Error in the API"
          }
        }
      }
    }
  }
}
