[
    {
        "AnnotID": "10003",
        "class": "Relevant Med History",
        "value": [
            [
                "Condition",
                "Start Date / Stop Date",
                "Pertinent details"
            ],
            [
                "Diabetes",
                "",
                "Family history"
            ],
            [
                "Hypertension",
                "2016",
                ""
            ],
            [
                "",
                "",
                ""
            ],
            [
                "",
                "",
                ""
            ]
        ]
    },
    {
        "AnnotID": "10006",
        "class": "Suspect Med 1",
        "value": [
            [
                "Infliximab",
                "RA",
                "400 mg every\n6 weeks",
                "IV",
                "16Jul2019",
                "Ongoing",
                ""
            ]
        ]
    },
    {
        "AnnotID": "10007",
        "class": "Concom Med",
        "value": [
            [
                "Product Name \nBrand/Generic",
                "Indication",
                "Dose & \nFrequency",
                "Route of \nAdministration",
                "Start Date \ndd/mmm/yyyy",
                "Stop Date \ndd/mmm/yyyy"
            ],
            [
                "Ibuprofen",
                "",
                "",
                "",
                "",
                ""
            ],
            [
                "Leflunomide",
                "",
                "20 mg OD",
                "",
                "Mar2017",
                "ongoing"
            ],
            [
                "Colchicine",
                "",
                "",
                "",
                "",
                "ongoing"
            ],
            [
                "Atarax",
                "",
                "",
                "",
                "",
                ""
            ]
        ]
    },
    {
        "AnnotID": "10011",
        "class": "Adverse Event",
        "value": [
            [
                "",
                "EVENT \nEXPERIENCED",
                "ONSET DATE \n(DD/MMM/YYYY)",
                "SERIOUSNESS CRITERIA",
                "CLINICAL OUTCOME",
                "REPORTER\u2019S CAUSALITY & \nTREATMENT DETAILS"
            ],
            [
                null,
                "Vomiting",
                "01Jan2020",
                "\u0000  Non-serious \n  Resulted in Death \n\u0000  Life-Threatening \n\u0000  X Hospitalization \n Prolongation of Hospitalization \n  Persistent or Significant \nDisability/Incapacity \n Congenital Anomaly/Birth \nDefect \n Important Medical Event",
                "\u0000   X Recovered \nDate:__________________ \n      dd/mmm/yyyy \n\u0000   Not Recovered  \n\u0000   Recovering \n\u0000   Recovery not foreseen \n\u0000   Unknown \n\u0000   Recovered with sequelae \nDate:_06Jan2020_______ \n    dd/mmm/yyyy \nSequelae:______________",
                "Is the event considered \nrelated to a medicinal \nproduct?    \n\u0000 No \n\u0000 Yes \u2013 Please specify: \n________________________ \n________________________ \nWas treatment received  \nfor this event? \n\u0000  No \nX Yes \u2013 Please specify: \nOndansentron"
            ],
            [
                null,
                "",
                "",
                "\u0000  Non-serious \n\u0000  Resulted in Death \n\u0000  Life-Threatening \n\u0000  Hospitalization \n\u0000  Prolongation of Hospitalization \n\u0000  Persistent or Significant \nDisability/Incapacity \n\u0000  Congenital Anomaly/Birth \nDefect \n\u0000  Important Medical Event",
                "\u0000   Recovered \nDate:__________________ \n      dd/mmm/yyyy \n\u0000   Not Recovered  \n\u0000   Recovering \n\u0000   Recovery not foreseen \n\u0000   Unknown \n\u0000   Recovered with sequelae \nDate:__________________ \n    dd/mmm/yyyy \nSequelae:______________",
                "Is the event considered \nrelated to a medicinal \nproduct?    \n\u0000 No \n\u0000 Yes \u2013 Please specify: \n________________________ \n________________________ \nWas treatment received  \nfor this event? \n\u0000 No \n\u0000 Yes \u2013 Please specify: \n________________________ \n________________________"
            ],
            [
                null,
                "",
                "",
                "\u0000  Non-serious \n\u0000  Resulted in Death \n\u0000  Life-Threatening \n\u0000  Hospitalization \n\u0000  Prolongation of Hospitalization \n\u0000  Persistent or Significant \nDisability/Incapacity \n\u0000  Congenital Anomaly/Birth \nDefect \n\u0000  Important Medical Event",
                "\u0000   Recovered \nDate:__________________ \n      dd/mmm/yyyy \n\u0000   Not Recovered  \n\u0000   Recovering \n\u0000   Recovery not foreseen \n\u0000   Unknown \n\u0000   Recovered with sequelae \nDate:__________________ \n    dd/mmm/yyyy \nSequelae:______________",
                "Is the event considered \nrelated to a medicinal \nproduct?    \n\u0000 No \n\u0000 Yes \u2013 Please specify: \n________________________ \n________________________ \nWas treatment received  \nfor this event? \n\u0000 No \n\u0000 Yes \u2013 Please specify: \n________________________ \n________________________"
            ]
        ]
    },
    {
        "AnnotID": "10012",
        "class": "Hospitalization",
        "value": [
            "If the patient was hospitalized, is the discharge summary available?  \u0000  Yes   X No "
        ]
    },
    {
        "AnnotID": "10013",
        "class": "Pat Death Details",
        "value": [
            [
                "",
                "If patient has died",
                null,
                null,
                ""
            ],
            [
                "Date of Death \n(dd/mmm/yyyy):",
                null,
                "Cause(s) of Death:",
                "Was an autopsy performed?  \u0000 Yes  \u0000 No  \u0000 Unknown \nIf yes, please specify findings:",
                null
            ]
        ]
    },
    {
        "AnnotID": "10014",
        "class": "Narrative",
        "value": [
            "Allergies: Codeine, ranitidine, naproxen, and naloxone, morphine for many years."
        ]
    },
    {
        "AnnotID": "10015",
        "class": "Lab Tests",
        "value": [
            [
                "Test Name",
                "Date(s)",
                "Results"
            ],
            [
                "",
                "",
                ""
            ],
            [
                "",
                "",
                ""
            ],
            [
                "",
                "",
                ""
            ],
            [
                "",
                "",
                ""
            ],
            [
                "",
                "",
                ""
            ],
            [
                "",
                "",
                ""
            ]
        ]
    },
    {
        "AnnotID": "10016",
        "class": "Patient info- keyval",
        "value": {
            "INITIALS:": "Jane Doe",
            "GENDER:": "\u0000 Male x Female",
            "HEIGHT:": "_______ \u0000 cm \u0000 ft/in",
            "AGE:": "",
            "DATE OF BIRTH:": "___01_/__01__/__2000__ (dd/mmm/yyyy)",
            "ETHNIC ORIGIN:": "\u0000 Caucasian \u0000 Black \u0000 Asian x Other _______Hispanic________",
            "WEIGHT:": "_______ \u0000 kg \u0000 lb"
        }
    },
    {
        "AnnotID": "10017",
        "class": "Suspect Med 2",
        "value": [
            [
                "",
                "",
                "",
                "",
                "",
                "",
                ""
            ]
        ]
    },
    {
        "AnnotID": "10018",
        "class": "Suspect Med 1 - action taken",
        "value": [
            "Action taken in response to event:  \u0000 6P ewrmeeaknsently withdrawn  \u0000 Temporarily withdrawn  \u0000 Dose reduced  \u0000 Dose increased ",
            "      \u0000 Dose not changed  \u0000 Not applicable  \u0000 Unknown "
        ]
    },
    {
        "AnnotID": "10019",
        "class": "Suspect Med 2 - action taken",
        "value": [
            "Action taken in response to event:  \u0000 Permanently withdrawn  \u0000 Temporarily withdrawn  \u0000 Dose reduced  \u0000 Dose increased ",
            "      \u0000 Dose not changed  \u0000 Not applicable  \u0000 Unknown ",
            "2nd Suspect Medication (if applicable) ",
            "Stop Date ",
            "Product Name  Dose &  Route of  Start Date ",
            "Indication  dd/mmm/yyy Lot/Expiry ",
            "Brand/Generic  Frequency  Administration  dd/mmm/yyyy ",
            "y ",
            "Action taken in response to event:  \u0000 Permanently withdrawn  \u0000 Temporarily withdrawn  \u0000 Dose reduced  \u0000 Dose increased ",
            "      \u0000 Dose not changed  \u0000 Not applicable  \u0000 Unknown "
        ]
    },
    {
        "AnnotID": "10021",
        "class": "Reporter - first name",
        "value": []
    },
    {
        "AnnotID": "10022",
        "class": "Reporter - last name",
        "value": []
    },
    {
        "AnnotID": "10025",
        "class": "Reporter - occupation",
        "value": [
            "First Name "
        ]
    },
    {
        "AnnotID": "10026",
        "class": "Reporter - mailing address",
        "value": [
            "Mailing address "
        ]
    },
    {
        "AnnotID": "10027",
        "class": "Reporter - telephone",
        "value": [
            "Telephone Number "
        ]
    },
    {
        "AnnotID": "10028",
        "class": "Reporter - fax",
        "value": [
            "Fax Number "
        ]
    },
    {
        "AnnotID": "10029",
        "class": "Reporter - email",
        "value": [
            "Email "
        ]
    },
    {
        "AnnotID": "10030",
        "class": "Adverse Event - 5th column ",
        "value": []
    }
]