{"createdby":"Admin","deleteflag":0,"formstatus":"0","_id":"61b6f28bf858ab0ea277b9be","formid":"1fa9b8f0-5be4-11ec-a6a8-12414bf81c8f","formname":"NNI Trial R1","formdescription":"Amit","formtype":"digitalpdf","templateurls":"{\"formID\": \"1fa9b8f0-5be4-11ec-a6a8-12414bf81c8f\", \"formtype\": \"digitalpdf\", \"url_pdf\": \"http://18.213.8.225:4466/1fa9b8f0-5be4-11ec-a6a8-12414bf81c8f.pdf\", \"url_docx\": \"\", \"metadata_json\": null, \"url_png\": [\"http://18.213.8.225:4466/1fa9b8f0-5be4-11ec-a6a8-12414bf81c8f_0.png\", \"http://18.213.8.225:4466/1fa9b8f0-5be4-11ec-a6a8-12414bf81c8f_1.png\"]}","configdefinition":[{"groupoperations":[{"_id":"5fb62a7bdd8f8b069c8317e6","transformcase":"none"},{"_id":"5fb62a7bdd8f8b069c8317e7","transformdateformat":"none"},{"_id":"5fb62a7bdd8f8b069c8317e8","transformnumberformat":"none"},{"_id":"5fb62a7bdd8f8b069c8317e9","concatwithdelimiter":""},{"_id":"5fb62a7bdd8f8b069c8317ea","padafterconcat":"none"},{"_id":"5fb62a7bdd8f8b069c8317eb","padbeforeconcat":"none"},{"_id":"5fb62a7bdd8f8b069c8317ec","truncateleadingdelimiter":"false"},{"_id":"5fb62a7bdd8f8b069c8317ed","truncatelaggingdelimiter":"false"}],"annotations":[{"annotation":{"datastring":{"continued":{"continuedelsewhere":false,"continuationsymbol":"","continuationheader":"","continuationfooter":"","continuationtype":"","appearsonlyoncontinuationsheet":false},"setofrows":{"rowtransformlength":"1","celltransformlength":"1","chref":[],"virtualtable":false,"borderedtable":false,"rowseparator":"","columnseparator":"","rowdelimiter":"","columndelimiter":"","tableheader":false,"repeatingtableheader":false,"columnnames":"","tableheaderseparator":"","tablestartstring":"","tableendstring":"","startrow":"","endrow":"","columntypes":""},"keyvaluepairs":{"formkeylist":["NNI Employee Aware Date:"],"simplekeymap":[],"keymapid":"","extractionstartposition":"afterstring","extractionendposition":"beforestring","keystartposition":"linebegining","valueendposition":"nextkeystartposition","extractionstartstring":"NNI Employee Aware Date:","extractionendstring":"NNI Employee Name:","keyvalueseperator":":","isrepeatable":false,"useaddressmacro":false,"recordseperator":"","keyvaluepair":true,"matchesvaluemap":false},"datecleansing":{"removeleadingwhitespace":false,"removelaggingwhitespace":false,"removeleadingstringmatching":"","removelaggingstringmatching":""},"stringdelimiters":[""],"elements":[{"matchesvaluemap":{"outputtime":true,"valuemapid":"","simplevaluemap":"","matchingtype":"","advtransformationexpression":"","prependstring":"","appendstring":"","nomatchdefault":"","outputdateformat":"dd-mmm-yyyy","ismapped":false},"alwaysafter":{"afterelementflag":false,"includemarkerflag":false,"afterelementid":"","aftermarkerstring":"","aftermarkerstringflag":false},"alwaysbefore":{"beforeelementflag":false,"includemarkerflag":false,"beforeelementid":"","beforemarkerstring":"","beforemarkerstringflag":false},"elementstatus":"0","matchingparentelement":[],"secondaryassociations":[],"_id":"61af57f6f858ab0ea277aa52","elementtemplatestring":"txt","elementtype":"simple","elemententity":"admin","elementname":"receiptDate","absoluteposition":"","jsonkeyname":"NNI Employee Aware Date:","dstoentityassociationtype":"onetoone","recordindex":"new record","datatype":"string","alwayspresent":false,"associationoperation":"","parententity":"","level":"","rowcellreferenceid":"","paragraphreferenceid":"","entitytype":"non-repeatable","virtualannotationreference":"","elementid":"1001"},{"matchesvaluemap":{"outputtime":true,"valuemapid":"","simplevaluemap":"","matchingtype":"","advtransformationexpression":"","prependstring":"","appendstring":"","nomatchdefault":"","outputdateformat":"dd-mmm-yyyy","ismapped":false},"alwaysafter":{"afterelementflag":false,"includemarkerflag":false,"afterelementid":"","aftermarkerstring":"","aftermarkerstringflag":false},"alwaysbefore":{"beforeelementflag":false,"includemarkerflag":false,"beforeelementid":"","beforemarkerstring":"","beforemarkerstringflag":false},"elementstatus":"0","matchingparentelement":[],"secondaryassociations":[],"_id":"61af5608f858ab0ea277aa4e","elementtemplatestring":"text","elementtype":"simple","elemententity":"admin","elementname":"mostRecentReceiptDate","absoluteposition":"","jsonkeyname":"NNI Employee Aware Date:","dstoentityassociationtype":"onetoone","recordindex":"new record","datatype":"string","alwayspresent":false,"associationoperation":"Append to existing value","parententity":"","level":"","rowcellreferenceid":"","paragraphreferenceid":"","entitytype":"non-repeatable","virtualannotationreference":"","elementid":"1025"}],"name":"NNI Employee Aware Date","image":false,"freetext":false,"paragraph":false,"delimited":false,"imagetype":"","dstemplatestring":"NNI Employee Aware Date: 22-Aug-2019\n\nNNI Employee Name: RGA (Robert Graeser)\n\nNNI Employee Mobile Number: +1 215-534-8915\n\nNNI Employee Phone Number: +1 215-534-8915\n\nNNI Employee Email Address: RGA@novonordisk.com\n<mailto:RGA@novonordisk.com>\n"},"matrixcoordinates":[""],"tablereferenceid":null,"annotationcontenttype":"normal-fullpage","annotationcontentlang":"English","annotationstatus":"0","xmlreferenceid":null,"csvreferenceid":null,"nestedtablereferenceid":null,"rowreferenceid":null,"cellreferenceid":null,"rowreferencelength":"1","cellreferencelength":"1","annotid":"10001","annotcoordinates":"620 , 1186 , 2065 , 539","annotationmatrix":false,"startpage":0,"afterreferencecoordinates":"","beforereferencecoordinates":"","afterreferencestring":"","beforereferencestring":"","isrepeatableannot":false,"annotationtype":"simple"},"_id":"5fb62b16dd8f8b069c8317f5"},{"annotation":{"datastring":{"continued":{"continuedelsewhere":false,"continuationsymbol":"","continuationheader":"","continuationfooter":"","continuationtype":"","appearsonlyoncontinuationsheet":false},"setofrows":{"rowtransformlength":"1","celltransformlength":"1","chref":[],"virtualtable":false,"borderedtable":false,"rowseparator":"","columnseparator":"","rowdelimiter":"","columndelimiter":"","tableheader":false,"repeatingtableheader":false,"columnnames":"","tableheaderseparator":"","tablestartstring":"","tableendstring":"","startrow":"","endrow":"","columntypes":""},"keyvaluepairs":{"formkeylist":["Reporter Type:","Reporter Name:","Reporter Address:","Reporter Phone:"],"simplekeymap":[],"keymapid":"","extractionstartposition":"anyformkey","extractionendposition":"beforestring","keystartposition":"linebegining","valueendposition":"nextkeystartposition","extractionstartstring":"NNI Employee Email Address:","extractionendstring":"Patient Information","keyvalueseperator":":","isrepeatable":true,"useaddressmacro":false,"recordseperator":"Reporter Type:","keyvaluepair":true,"matchesvaluemap":false},"datecleansing":{"removeleadingwhitespace":false,"removelaggingwhitespace":false,"removeleadingstringmatching":"","removelaggingstringmatching":""},"stringdelimiters":[""],"elements":[{"matchesvaluemap":{"outputtime":true,"valuemapid":"","simplevaluemap":"Doctor__Physician|Nurse__Other health professional|Pharmacist__Pharmacist|Other HCP__Other health professional|Patient__Consumer|Relative/friend of Patient - Consumer|Did Not Ask__Consumer","matchingtype":"contains","advtransformationexpression":"","prependstring":"","appendstring":"","nomatchdefault":"","outputdateformat":"","ismapped":true},"alwaysafter":{"afterelementflag":false,"includemarkerflag":false,"afterelementid":"","aftermarkerstring":"","aftermarkerstringflag":false},"alwaysbefore":{"beforeelementflag":false,"includemarkerflag":false,"beforeelementid":"","beforemarkerstring":"","beforemarkerstringflag":false},"elementstatus":"0","matchingparentelement":[],"secondaryassociations":[],"_id":"61b0618df858ab0ea277aad5","elementtemplatestring":"Doctor","elementtype":"simple","elemententity":"reporters","elementname":"qualification","absoluteposition":"","jsonkeyname":"Reporter Type:","dstoentityassociationtype":"onetoone","recordindex":"new record","datatype":"string","alwayspresent":false,"associationoperation":"overwrite if target value null","parententity":"admin","level":"","rowcellreferenceid":"","paragraphreferenceid":"","entitytype":"repeatable","virtualannotationreference":"","elementid":"1002"},{"matchesvaluemap":{"outputtime":true,"valuemapid":"","simplevaluemap":"","matchingtype":"","advtransformationexpression":"","prependstring":"","appendstring":"","nomatchdefault":"","outputdateformat":"","ismapped":false},"alwaysafter":{"afterelementflag":false,"includemarkerflag":false,"afterelementid":"","aftermarkerstring":"","aftermarkerstringflag":false},"alwaysbefore":{"beforeelementflag":false,"includemarkerflag":false,"beforeelementid":"","beforemarkerstring":"","beforemarkerstringflag":false},"elementstatus":"0","matchingparentelement":[],"secondaryassociations":[],"_id":"61b0a3d9f858ab0ea277adbd","elementtemplatestring":"name","elementtype":"simple","elemententity":"reporters","elementname":"givenName","absoluteposition":"","jsonkeyname":"Reporter Name:","dstoentityassociationtype":"onetoone","recordindex":"new record","datatype":"string","alwayspresent":false,"associationoperation":"","parententity":"admin","level":"","rowcellreferenceid":"","paragraphreferenceid":"","entitytype":"repeatable","virtualannotationreference":"","elementid":"1003"},{"matchesvaluemap":{"outputtime":true,"valuemapid":"","simplevaluemap":"","matchingtype":"","advtransformationexpression":"","prependstring":"","appendstring":"","nomatchdefault":"","outputdateformat":"","ismapped":false},"alwaysafter":{"afterelementflag":false,"includemarkerflag":false,"afterelementid":"","aftermarkerstring":"","aftermarkerstringflag":false},"alwaysbefore":{"beforeelementflag":false,"includemarkerflag":false,"beforeelementid":"","beforemarkerstring":"","beforemarkerstringflag":false},"elementstatus":"0","matchingparentelement":[],"secondaryassociations":[],"_id":"61b0e1adf858ab0ea277adf1","elementtemplatestring":"name","elementtype":"simple","elemententity":"reporters","elementname":"country","absoluteposition":"","jsonkeyname":"Reporter Address:","dstoentityassociationtype":"onetoone","recordindex":"new record","datatype":"string","alwayspresent":false,"associationoperation":"","parententity":"admin","level":"","rowcellreferenceid":"","paragraphreferenceid":"","entitytype":"repeatable","virtualannotationreference":"","elementid":"1004"},{"matchesvaluemap":{"outputtime":true,"valuemapid":"","simplevaluemap":"","matchingtype":"","advtransformationexpression":"","prependstring":"","appendstring":"","nomatchdefault":"","outputdateformat":"","ismapped":false},"alwaysafter":{"afterelementflag":false,"includemarkerflag":false,"afterelementid":"","aftermarkerstring":"","aftermarkerstringflag":false},"alwaysbefore":{"beforeelementflag":false,"includemarkerflag":false,"beforeelementid":"","beforemarkerstring":"","beforemarkerstringflag":false},"elementstatus":"0","matchingparentelement":[],"secondaryassociations":[],"_id":"61b0e162f858ab0ea277adf0","elementtemplatestring":"name","elementtype":"simple","elemententity":"reporters","elementname":"telephone","absoluteposition":"","jsonkeyname":"Reporter Phone:","dstoentityassociationtype":"onetoone","recordindex":"new record","datatype":"string","alwayspresent":false,"associationoperation":"","parententity":"admin","level":"","rowcellreferenceid":"","paragraphreferenceid":"","entitytype":"repeatable","virtualannotationreference":"","elementid":"1005"}],"name":"Reporter_information","image":false,"freetext":false,"paragraph":false,"delimited":false,"imagetype":"","dstemplatestring":"Reporter Type: Pharmacist\n\nReporter Name: Nicole Pezzino\n\nReporter Address: Weis pharmacy 5020 pa -873 Schnecksville pa 18078\nReporter Phone: 6107995481\n"},"matrixcoordinates":[""],"tablereferenceid":null,"annotationcontenttype":"normal-fullpage","annotationcontentlang":"English","annotationstatus":"0","xmlreferenceid":null,"csvreferenceid":null,"nestedtablereferenceid":null,"rowreferenceid":null,"cellreferenceid":null,"rowreferencelength":"1","cellreferencelength":"1","annotid":"10002","annotcoordinates":"579 , 1830 , 2944 , 453","annotationmatrix":false,"startpage":0,"afterreferencecoordinates":"","beforereferencecoordinates":"","afterreferencestring":"","beforereferencestring":"","isrepeatableannot":true,"annotationtype":"simple"},"_id":"5fb7f81ba18eb80690e8071a"},{"annotation":{"datastring":{"continued":{"continuedelsewhere":false,"continuationsymbol":"","continuationheader":"","continuationfooter":"","continuationtype":"","appearsonlyoncontinuationsheet":false},"setofrows":{"rowtransformlength":"1","celltransformlength":"1","chref":[],"virtualtable":false,"borderedtable":false,"rowseparator":"","columnseparator":"","rowdelimiter":"","columndelimiter":"","tableheader":false,"repeatingtableheader":false,"columnnames":"","tableheaderseparator":"","tablestartstring":"","tableendstring":"","startrow":"","endrow":"","columntypes":""},"keyvaluepairs":{"formkeylist":["Patient Information Not Available / Not Reported:","Patient First Name, Last Name or Initials:","Patient Gender:","Patient Age, Date of Birth or Age Group:","Patient Address:","Patient Phone:"],"simplekeymap":[],"keymapid":"","extractionstartposition":"afterstring","extractionendposition":"beforestring","keystartposition":"linebegining","valueendposition":"nextkeystartposition","extractionstartstring":"Patient Information","extractionendstring":"Complaint:","keyvalueseperator":":","isrepeatable":false,"useaddressmacro":false,"recordseperator":"","keyvaluepair":true,"matchesvaluemap":false},"datecleansing":{"removeleadingwhitespace":false,"removelaggingwhitespace":false,"removeleadingstringmatching":"","removelaggingstringmatching":""},"stringdelimiters":[""],"elements":[{"matchesvaluemap":{"outputtime":true,"valuemapid":"","simplevaluemap":"<INITIALS REMOVED>__UNKNOWN|<removed initials>__UNKNOWN|<REMOVED INITIALS>__UNKNOWN|<REMOVED NAME>__UNKNOWN|<removed name>__UNKNOWN|Not reported__UNKNOWN|Not Reported__UNKNOWN|not reported__UNKNOWN|<name removed>__UNKNOWN|<NAME REMOVED>__UNKNOWN|n/a__UNKNOWN|__UNKNOWN","matchingtype":"contains","advtransformationexpression":"","prependstring":"","appendstring":"","nomatchdefault":"","outputdateformat":"","ismapped":true},"alwaysafter":{"afterelementflag":false,"includemarkerflag":false,"afterelementid":"","aftermarkerstring":"","aftermarkerstringflag":false},"alwaysbefore":{"beforeelementflag":false,"includemarkerflag":false,"beforeelementid":"","beforemarkerstring":"","beforemarkerstringflag":false},"elementstatus":"0","matchingparentelement":[],"secondaryassociations":[],"_id":"61b0a867f858ab0ea277ade1","elementtemplatestring":"name","elementtype":"simple","elemententity":"patient","elementname":"name","absoluteposition":"","jsonkeyname":"Patient First Name, Last Name or Initials:","dstoentityassociationtype":"onetoone","recordindex":"new record","datatype":"string","alwayspresent":false,"associationoperation":"overwrite if target value null","parententity":"admin","level":"","rowcellreferenceid":"","paragraphreferenceid":"","entitytype":"non-repeatable","virtualannotationreference":"","elementid":"1006"},{"matchesvaluemap":{"outputtime":true,"valuemapid":"","simplevaluemap":"","matchingtype":"","advtransformationexpression":"","prependstring":"","appendstring":"","nomatchdefault":"","outputdateformat":"","ismapped":false},"alwaysafter":{"afterelementflag":false,"includemarkerflag":false,"afterelementid":"","aftermarkerstring":"","aftermarkerstringflag":false},"alwaysbefore":{"beforeelementflag":false,"includemarkerflag":false,"beforeelementid":"","beforemarkerstring":"","beforemarkerstringflag":false},"elementstatus":"0","matchingparentelement":[],"secondaryassociations":[],"_id":"61b0a6b3f858ab0ea277add8","elementtemplatestring":"name","elementtype":"simple","elemententity":"patient","elementname":"gender","absoluteposition":"","jsonkeyname":"Patient Gender:","dstoentityassociationtype":"onetoone","recordindex":"last record","datatype":"string","alwayspresent":false,"associationoperation":"overwrite if target value null","parententity":"admin","level":"","rowcellreferenceid":"","paragraphreferenceid":"","entitytype":"non-repeatable","virtualannotationreference":"","elementid":"1007"},{"matchesvaluemap":{"outputtime":true,"valuemapid":"","simplevaluemap":"","matchingtype":"","advtransformationexpression":"","prependstring":"","appendstring":"","nomatchdefault":"","outputdateformat":"","ismapped":false},"alwaysafter":{"afterelementflag":false,"includemarkerflag":false,"afterelementid":"","aftermarkerstring":"","aftermarkerstringflag":false},"alwaysbefore":{"beforeelementflag":false,"includemarkerflag":false,"beforeelementid":"","beforemarkerstring":"","beforemarkerstringflag":false},"elementstatus":"0","matchingparentelement":[],"secondaryassociations":[],"_id":"61b0a841f858ab0ea277ade0","elementtemplatestring":"name","elementtype":"simple","elemententity":"patient.age","elementname":"inputValue","absoluteposition":"","jsonkeyname":"Patient Age, Date of Birth or Age Group:","dstoentityassociationtype":"onetoone","recordindex":"new record","datatype":"string","alwayspresent":false,"associationoperation":"overwrite if target value null","parententity":"patient","level":"","rowcellreferenceid":"","paragraphreferenceid":"","entitytype":"non-repeatable","virtualannotationreference":"","elementid":"1008"}],"name":"patient-info","image":false,"freetext":false,"paragraph":false,"delimited":false,"imagetype":"","dstemplatestring":"Patient Information Not Available / Not Reported: Not Reported\nPatient First Name, Last Name or Initials:\n\nPatient Age, Date of Birth or Age Group:\n\nPatient Address:\n\nPatient Phone:\n"},"matrixcoordinates":[""],"tablereferenceid":null,"annotationcontenttype":"normal-fullpage","annotationcontentlang":"English","annotationstatus":"0","xmlreferenceid":null,"csvreferenceid":null,"nestedtablereferenceid":null,"rowreferenceid":null,"cellreferenceid":null,"rowreferencelength":"1","cellreferencelength":"1","annotid":"10003","annotcoordinates":"607 , 2314 , 3329 , 575","annotationmatrix":false,"startpage":0,"afterreferencecoordinates":"","beforereferencecoordinates":"","afterreferencestring":"","beforereferencestring":"","isrepeatableannot":false,"annotationtype":"simple"},"_id":"5fb636e1dd8f8b069c831801"},{"annotation":{"datastring":{"continued":{"continuedelsewhere":false,"continuationsymbol":"","continuationheader":"","continuationfooter":"","continuationtype":"","appearsonlyoncontinuationsheet":false},"setofrows":{"rowtransformlength":"1","celltransformlength":"1","chref":[],"virtualtable":false,"borderedtable":false,"rowseparator":"","columnseparator":"","rowdelimiter":"","columndelimiter":"","tableheader":false,"repeatingtableheader":false,"columnnames":"","tableheaderseparator":"","tablestartstring":"","tableendstring":"","startrow":"","endrow":"","columntypes":"","transformtable":false,"repeatingsectionheader":false,"spacebetweenrows":"","tableheaderregionsize":"","nestedtablemap":""},"keyvaluepairs":{"formkeylist":["Complaint:","HasPatient Recovered:","Has Patient Recovered:"],"simplekeymap":[],"keymapid":"","extractionstartposition":"afterstring","extractionendposition":"beforestring","keystartposition":"linebegining","valueendposition":"nextkeystartposition","extractionstartstring":"Complaint:","extractionendstring":"Product Name:","keyvalueseperator":":","isrepeatable":false,"useaddressmacro":false,"recordseperator":"","keyvaluepair":true,"matchesvaluemap":false},"datecleansing":{"removeleadingwhitespace":false,"removelaggingwhitespace":false,"removeleadingstringmatching":"","removelaggingstringmatching":""},"stringdelimiters":[""],"elements":[{"matchesvaluemap":{"outputtime":true,"valuemapid":"","simplevaluemap":"","matchingtype":"","advtransformationexpression":"","prependstring":"","appendstring":"","nomatchdefault":"","outputdateformat":"","ismapped":false},"alwaysafter":{"afterelementflag":false,"includemarkerflag":false,"afterelementid":"","aftermarkerstring":"","aftermarkerstringflag":false},"alwaysbefore":{"beforeelementflag":false,"includemarkerflag":false,"beforeelementid":"","beforemarkerstring":"","beforemarkerstringflag":false},"elementstatus":"0","matchingparentelement":[],"secondaryassociations":[],"_id":"61b0a826f858ab0ea277addf","elementtemplatestring":"text","elementtype":"simple","elemententity":"events","elementname":"reportedReaction","absoluteposition":"","jsonkeyname":"Complaint:","dstoentityassociationtype":"onetoone","recordindex":"new record","datatype":"string","alwayspresent":false,"associationoperation":"overwrite if target value null","parententity":"admin","level":"","rowcellreferenceid":"","paragraphreferenceid":"","entitytype":"repeatable","virtualannotationreference":"","elementid":"1009"},{"matchesvaluemap":{"outputtime":true,"valuemapid":"","simplevaluemap":"No__Not recovered|Yes__Recovered|Did Not Report__Not reported","matchingtype":"contains","advtransformationexpression":"","prependstring":"","appendstring":"","nomatchdefault":"","outputdateformat":"","ismapped":true},"alwaysafter":{"afterelementflag":false,"includemarkerflag":false,"afterelementid":"","aftermarkerstring":"","aftermarkerstringflag":false},"alwaysbefore":{"beforeelementflag":false,"includemarkerflag":false,"beforeelementid":"","beforemarkerstring":"","beforemarkerstringflag":false},"elementstatus":"0","matchingparentelement":[],"secondaryassociations":[],"_id":"61b713a9f858ab0ea277ba89","elementtemplatestring":"text","elementtype":"simple","elemententity":"events","elementname":"outcome","absoluteposition":"","jsonkeyname":"HasPatient Recovered:","dstoentityassociationtype":"onetoone","recordindex":"last record","datatype":"string","alwayspresent":false,"associationoperation":"overwrite if target value null","parententity":"admin","level":"","rowcellreferenceid":"","paragraphreferenceid":"","entitytype":"repeatable","virtualannotationreference":"","elementid":"1026"},{"matchesvaluemap":{"outputtime":true,"valuemapid":"","simplevaluemap":"No__Not recovered|Yes__Recovered|Did Not Report__Not reported","matchingtype":"contains","advtransformationexpression":"","prependstring":"","appendstring":"","nomatchdefault":"","outputdateformat":"","ismapped":true},"alwaysafter":{"afterelementflag":false,"includemarkerflag":false,"afterelementid":"","aftermarkerstring":"","aftermarkerstringflag":false},"alwaysbefore":{"beforeelementflag":false,"includemarkerflag":false,"beforeelementid":"","beforemarkerstring":"","beforemarkerstringflag":false},"elementstatus":"0","matchingparentelement":[],"secondaryassociations":[],"_id":"61b713b7f858ab0ea277ba8a","elementtemplatestring":"text","elementtype":"simple","elemententity":"events","elementname":"outcome","absoluteposition":"","jsonkeyname":"Has Patient Recovered:","dstoentityassociationtype":"onetoone","recordindex":"last record","datatype":"string","alwayspresent":false,"associationoperation":"overwrite if target value null","parententity":"admin","level":"","rowcellreferenceid":"","paragraphreferenceid":"","entitytype":"repeatable","virtualannotationreference":"","elementid":"1042","elementorder":"42"}],"name":"Complaint","image":false,"freetext":false,"paragraph":false,"delimited":false,"imagetype":"","dstemplatestring":"Complaint: patient who was recently switched off Lantus to Novolin which caused\ntheir blood glucose to spike from 200s to 450s\n"},"matrixcoordinates":[""],"tablereferenceid":null,"annotationcontenttype":"normal-fullpage","annotationcontentlang":"English","annotationstatus":"0","xmlreferenceid":null,"csvreferenceid":null,"nestedtablereferenceid":null,"rowreferenceid":null,"cellreferenceid":null,"rowreferencelength":"1","cellreferencelength":"1","annotid":"10004","annotcoordinates":"620 , 2971 , 3338 , 190","annotationmatrix":false,"startpage":0,"afterreferencecoordinates":"","beforereferencecoordinates":"","afterreferencestring":"","beforereferencestring":"","isrepeatableannot":false,"annotationtype":"simple"},"_id":"61b6f6ddf858ab0ea277ba11"},{"annotation":{"datastring":{"continued":{"continuedelsewhere":false,"continuationsymbol":"","continuationheader":"","continuationfooter":"","continuationtype":"","appearsonlyoncontinuationsheet":false},"setofrows":{"rowtransformlength":"1","celltransformlength":"1","chref":[],"virtualtable":false,"borderedtable":false,"rowseparator":"","columnseparator":"","rowdelimiter":"","columndelimiter":"","tableheader":false,"repeatingtableheader":false,"columnnames":"","tableheaderseparator":"","tablestartstring":"","tableendstring":"","startrow":"","endrow":"","columntypes":"","transformtable":false,"repeatingsectionheader":false,"spacebetweenrows":"","tableheaderregionsize":"","nestedtablemap":""},"keyvaluepairs":{"formkeylist":["Product Name:","Dosage Regimen:","Start / Stop Date:","Product Comments:","Action Taken to Product:","Batch Available:","Batch / Lot / Control Number:","Expiration Date:","Available For Return:","Batch Comments:"],"simplekeymap":[],"keymapid":"","extractionstartposition":"afterstring","extractionendposition":"beforestring","keystartposition":"linebegining","valueendposition":"nextkeystartposition","extractionstartstring":"Product Name:","extractionendstring":"REMINDER:","keyvalueseperator":":","isrepeatable":true,"useaddressmacro":false,"recordseperator":"Product Name:","keyvaluepair":true,"matchesvaluemap":false},"datecleansing":{"removeleadingwhitespace":false,"removelaggingwhitespace":false,"removeleadingstringmatching":"","removelaggingstringmatching":""},"stringdelimiters":[""],"elements":[{"matchesvaluemap":{"outputtime":true,"valuemapid":"","simplevaluemap":"","matchingtype":"","advtransformationexpression":"","prependstring":"","appendstring":"","nomatchdefault":"","outputdateformat":"","ismapped":false},"alwaysafter":{"afterelementflag":false,"includemarkerflag":false,"afterelementid":"","aftermarkerstring":"","aftermarkerstringflag":false},"alwaysbefore":{"beforeelementflag":false,"includemarkerflag":false,"beforeelementid":"","beforemarkerstring":"","beforemarkerstringflag":false},"elementstatus":"0","matchingparentelement":[],"secondaryassociations":[{"_id":"5fb7f98ca18eb80690e8072f","secondaryentity":"currententity","secondaryelement":"seq_num","secondaryelementvalue":"__LISTORDER","secondaryassociationoperation":"overwrite if target value null"}],"_id":"61b08e27f858ab0ea277ad97","elementtemplatestring":"NOVOLIN","elementtype":"simple","elemententity":"products","elementname":"license_value","absoluteposition":"","jsonkeyname":"Product Name:","dstoentityassociationtype":"onetoone","recordindex":"last record","datatype":"string","alwayspresent":false,"associationoperation":"","parententity":"admin","level":"","rowcellreferenceid":"","paragraphreferenceid":"","entitytype":"repeatable","virtualannotationreference":"","elementid":"1027"}],"name":"Product_name","image":false,"freetext":false,"paragraph":false,"delimited":false,"imagetype":"","dstemplatestring":"Product Name: NOVOLIN N\nDosage Regimen: unknown\n"},"matrixcoordinates":[""],"tablereferenceid":null,"annotationcontenttype":"normal-fullpage","annotationcontentlang":"English","annotationstatus":"0","xmlreferenceid":null,"csvreferenceid":null,"nestedtablereferenceid":null,"rowreferenceid":null,"cellreferenceid":null,"rowreferencelength":"1","cellreferencelength":"1","annotid":"10005","annotcoordinates":"588 , 3701 , 1807 , 203","annotationmatrix":false,"startpage":0,"afterreferencecoordinates":"","beforereferencecoordinates":"","afterreferencestring":"","beforereferencestring":"","isrepeatableannot":true,"annotationtype":"simple"},"_id":"61b6f768f858ab0ea277ba1d"},{"annotation":{"datastring":{"continued":{"continuedelsewhere":false,"continuationsymbol":"","continuationheader":"","continuationfooter":"","continuationtype":"","appearsonlyoncontinuationsheet":false},"setofrows":{"rowtransformlength":"1","celltransformlength":"1","chref":[],"virtualtable":false,"borderedtable":false,"rowseparator":"","columnseparator":"","rowdelimiter":"","columndelimiter":"","tableheader":false,"repeatingtableheader":false,"columnnames":"","tableheaderseparator":"","tablestartstring":"","tableendstring":"","startrow":"","endrow":"","columntypes":"","transformtable":false,"repeatingsectionheader":false,"spacebetweenrows":"","tableheaderregionsize":"","nestedtablemap":""},"keyvaluepairs":{"formkeylist":["Product Name:","Dosage Regimen:","Start / Stop Date:","Product Comments:","ActionTaken to Product:","Action Taken to Product:","Batch Available:","Batch / Lot / Control Number:","Expiration Date:","Available For Return:","Batch Comments:"],"simplekeymap":[],"keymapid":"","extractionstartposition":"afterstring","extractionendposition":"beforestring","keystartposition":"linebegining","valueendposition":"nextkeystartposition","extractionstartstring":"Product Name:","extractionendstring":"REMINDER:","keyvalueseperator":":","isrepeatable":true,"useaddressmacro":false,"recordseperator":"Product Name:","keyvaluepair":true,"matchesvaluemap":false},"datecleansing":{"removeleadingwhitespace":false,"removelaggingwhitespace":false,"removeleadingstringmatching":"","removelaggingstringmatching":""},"stringdelimiters":[""],"elements":[{"matchesvaluemap":{"outputtime":true,"valuemapid":"","simplevaluemap":"","matchingtype":"","advtransformationexpression":"","prependstring":"","appendstring":"","nomatchdefault":"","outputdateformat":"","ismapped":false},"alwaysafter":{"afterelementflag":false,"includemarkerflag":false,"afterelementid":"","aftermarkerstring":"","aftermarkerstringflag":false},"alwaysbefore":{"beforeelementflag":false,"includemarkerflag":false,"beforeelementid":"","beforemarkerstring":"","beforemarkerstringflag":false},"elementstatus":"0","matchingparentelement":[],"secondaryassociations":[],"_id":"61b08e31f858ab0ea277ad99","elementtemplatestring":"12mg","elementtype":"simple","elemententity":"products.doseInformations","elementname":"description","absoluteposition":"","jsonkeyname":"Dosage Regimen:","dstoentityassociationtype":"onetoone","recordindex":"last parent record","datatype":"string","alwayspresent":false,"associationoperation":"","parententity":"products","level":"","rowcellreferenceid":"","paragraphreferenceid":"","entitytype":"repeatable","virtualannotationreference":"","elementid":"1028"},{"matchesvaluemap":{"outputtime":true,"valuemapid":"","simplevaluemap":"","matchingtype":"","advtransformationexpression":"","prependstring":"","appendstring":"","nomatchdefault":"","outputdateformat":"","ismapped":false},"alwaysafter":{"afterelementflag":false,"includemarkerflag":false,"afterelementid":"","aftermarkerstring":"","aftermarkerstringflag":false},"alwaysbefore":{"beforeelementflag":false,"includemarkerflag":false,"beforeelementid":"","beforemarkerstring":"","beforemarkerstringflag":false},"elementstatus":"0","matchingparentelement":[],"secondaryassociations":[],"_id":"61b09fd2f858ab0ea277adb7","elementtemplatestring":"12mg","elementtype":"simple","elemententity":"products.doseInformations","elementname":"startDate","absoluteposition":"","jsonkeyname":"Start / Stop Date:","dstoentityassociationtype":"onetoone","recordindex":"last record","datatype":"string","alwayspresent":false,"associationoperation":"","parententity":"products","level":"","rowcellreferenceid":"","paragraphreferenceid":"","entitytype":"repeatable","virtualannotationreference":"","elementid":"1029"},{"matchesvaluemap":{"outputtime":true,"valuemapid":"","simplevaluemap":"","matchingtype":"","advtransformationexpression":"","prependstring":"\\nProduct Comments:","appendstring":"","nomatchdefault":"","outputdateformat":"","ismapped":true},"alwaysafter":{"afterelementflag":false,"includemarkerflag":false,"afterelementid":"","aftermarkerstring":"","aftermarkerstringflag":false},"alwaysbefore":{"beforeelementflag":false,"includemarkerflag":false,"beforeelementid":"","beforemarkerstring":"","beforemarkerstringflag":false},"elementstatus":"0","matchingparentelement":[],"secondaryassociations":[],"_id":"61b6eeeaf858ab0ea277b972","elementtemplatestring":"text","elementtype":"simple","elemententity":"summary","elementname":"caseDescription","absoluteposition":"4","jsonkeyname":"Product Comments:","dstoentityassociationtype":"onetoone","recordindex":"new record","datatype":"string","alwayspresent":false,"associationoperation":"Append to existing value","parententity":"admin","level":"","rowcellreferenceid":"","paragraphreferenceid":"","entitytype":"non-repeatable","virtualannotationreference":"","elementid":"1030"},{"matchesvaluemap":{"outputtime":true,"valuemapid":"","simplevaluemap":"No Action Taken__No Change|Product Discontinued Temporarily__Drug discontinued temporarily|Product Discontinued Temp.__Drug discontinued temporarily|Product Discontinued__Product discontinued due to AE|Dose Decrease__Dose Decreased|Dose Increase__Dose Increased|Did Not Ask__Not reported|Did Not Report__Not reported","matchingtype":"contains","advtransformationexpression":"","prependstring":"","appendstring":"","nomatchdefault":"","outputdateformat":"","ismapped":true},"alwaysafter":{"afterelementflag":false,"includemarkerflag":false,"afterelementid":"","aftermarkerstring":"","aftermarkerstringflag":false},"alwaysbefore":{"beforeelementflag":false,"includemarkerflag":false,"beforeelementid":"","beforemarkerstring":"","beforemarkerstringflag":false},"elementstatus":"0","matchingparentelement":[],"secondaryassociations":[],"_id":"61b6fc15f858ab0ea277ba59","elementtemplatestring":"text","elementtype":"simple","elemententity":"products.actionTaken","elementname":"value","absoluteposition":"","jsonkeyname":"Action Taken to Product:","dstoentityassociationtype":"onetoone","recordindex":"last record","datatype":"string","alwayspresent":false,"associationoperation":"overwrite if target value null","parententity":"products","level":"","rowcellreferenceid":"","paragraphreferenceid":"","entitytype":"non-repeatable","virtualannotationreference":"","elementid":"1031"},{"matchesvaluemap":{"outputtime":true,"valuemapid":"","simplevaluemap":"","matchingtype":"","advtransformationexpression":"","prependstring":"\\nBatch Available:","appendstring":"","nomatchdefault":"","outputdateformat":"","ismapped":true},"alwaysafter":{"afterelementflag":false,"includemarkerflag":false,"afterelementid":"","aftermarkerstring":"","aftermarkerstringflag":false},"alwaysbefore":{"beforeelementflag":false,"includemarkerflag":false,"beforeelementid":"","beforemarkerstring":"","beforemarkerstringflag":false},"elementstatus":"0","matchingparentelement":[],"secondaryassociations":[],"_id":"61b0e057f858ab0ea277adee","elementtemplatestring":"text","elementtype":"simple","elemententity":"summary","elementname":"caseDescription","absoluteposition":"","jsonkeyname":"Batch Available:","dstoentityassociationtype":"onetoone","recordindex":"new parent record","datatype":"string","alwayspresent":false,"associationoperation":"Append to existing value","parententity":"admin","level":"","rowcellreferenceid":"","paragraphreferenceid":"","entitytype":"non-repeatable","virtualannotationreference":"","elementid":"1032"},{"matchesvaluemap":{"outputtime":true,"valuemapid":"","simplevaluemap":"","matchingtype":"","advtransformationexpression":"","prependstring":"","appendstring":"","nomatchdefault":"","outputdateformat":"dd-mmm-yyyy","ismapped":false},"alwaysafter":{"afterelementflag":false,"includemarkerflag":false,"afterelementid":"","aftermarkerstring":"","aftermarkerstringflag":false},"alwaysbefore":{"beforeelementflag":false,"includemarkerflag":false,"beforeelementid":"","beforemarkerstring":"","beforemarkerstringflag":false},"elementstatus":"0","matchingparentelement":[],"secondaryassociations":[],"_id":"61b08d8ff858ab0ea277ad92","elementtemplatestring":"text","elementtype":"simple","elemententity":"products.doseInformations","elementname":"customProperty_batchNumber_value","absoluteposition":"","jsonkeyname":"Batch / Lot / Control Number:","dstoentityassociationtype":"onetoone","recordindex":"last record","datatype":"string","alwayspresent":false,"associationoperation":"","parententity":"products","level":"","rowcellreferenceid":"","paragraphreferenceid":"","entitytype":"repeatable","virtualannotationreference":"","elementid":"1033"},{"matchesvaluemap":{"outputtime":true,"valuemapid":"","simplevaluemap":"","matchingtype":"","advtransformationexpression":"","prependstring":"||","appendstring":"","nomatchdefault":"","outputdateformat":"dd-mmm-yyyy","ismapped":true},"alwaysafter":{"afterelementflag":false,"includemarkerflag":false,"afterelementid":"","aftermarkerstring":"","aftermarkerstringflag":false},"alwaysbefore":{"beforeelementflag":false,"includemarkerflag":false,"beforeelementid":"","beforemarkerstring":"","beforemarkerstringflag":false},"elementstatus":"0","matchingparentelement":[],"secondaryassociations":[],"_id":"61b08da4f858ab0ea277ad93","elementtemplatestring":"text","elementtype":"simple","elemententity":"products.doseInformations","elementname":"customProperty_batchNumber_value","absoluteposition":"","jsonkeyname":"Expiration Date:","dstoentityassociationtype":"onetoone","recordindex":"last record","datatype":"string","alwayspresent":false,"associationoperation":"Append to existing value","parententity":"products","level":"","rowcellreferenceid":"","paragraphreferenceid":"","entitytype":"repeatable","virtualannotationreference":"","elementid":"1034"},{"matchesvaluemap":{"outputtime":true,"valuemapid":"","simplevaluemap":"No__Declined|Yes__Agreed|__Not requested|\"\"__Not requested","matchingtype":"contains","advtransformationexpression":"","prependstring":"\\nAvailable For Return:","appendstring":"","nomatchdefault":"","ismapped":true},"alwaysafter":{"afterelementflag":false,"includemarkerflag":false,"afterelementid":"","aftermarkerstring":"","aftermarkerstringflag":false},"alwaysbefore":{"beforeelementflag":false,"includemarkerflag":false,"beforeelementid":"","beforemarkerstring":"","beforemarkerstringflag":false},"elementstatus":"0","matchingparentelement":[],"secondaryassociations":[],"_id":"5fb7d073e21b9e0691aed147","elementtemplatestring":"text","elementtype":"simple","elemententity":"summary","elementname":"caseDescription","absoluteposition":"","jsonkeyname":"Available For Return:","dstoentityassociationtype":"onetoone","recordindex":"new parent record","datatype":"string","alwayspresent":false,"associationoperation":"Append to existing value","parententity":"admin","level":"","rowcellreferenceid":"","paragraphreferenceid":"","entitytype":"non-repeatable","virtualannotationreference":"","elementid":"1035"},{"matchesvaluemap":{"outputtime":true,"valuemapid":"","simplevaluemap":"__<empty>|","matchingtype":"contains","advtransformationexpression":"","prependstring":"\\nBatch Comments:","appendstring":"","nomatchdefault":"","ismapped":true},"alwaysafter":{"afterelementflag":false,"includemarkerflag":false,"afterelementid":"","aftermarkerstring":"","aftermarkerstringflag":false},"alwaysbefore":{"beforeelementflag":false,"includemarkerflag":false,"beforeelementid":"","beforemarkerstring":"","beforemarkerstringflag":false},"elementstatus":"0","matchingparentelement":[],"secondaryassociations":[],"_id":"5fc0824197761a0698c2adb9","elementtemplatestring":"text","elementtype":"simple","elemententity":"summary","elementname":"caseDescription","absoluteposition":"","jsonkeyname":"Batch Comments:","dstoentityassociationtype":"onetoone","recordindex":"new parent record","datatype":"string","alwayspresent":false,"associationoperation":"Append to existing value","parententity":"admin","level":"","rowcellreferenceid":"","paragraphreferenceid":"","entitytype":"non-repeatable","virtualannotationreference":"","elementid":"1036"},{"matchesvaluemap":{"outputtime":true,"valuemapid":"","simplevaluemap":"No Action Taken__No Change|Product Discontinued Temporarily__Drug discontinued temporarily|Product Discontinued Temp.__Drug discontinued temporarily|Product Discontinued__Product discontinued due to AE|Dose Decrease__Dose Decreased|Dose Increase__Dose Increased|Did Not Ask__Not reported|Did Not Report__Not reported","matchingtype":"contains","advtransformationexpression":"","prependstring":"","appendstring":"","nomatchdefault":"","outputdateformat":"","ismapped":true},"alwaysafter":{"afterelementflag":false,"includemarkerflag":false,"afterelementid":"","aftermarkerstring":"","aftermarkerstringflag":false},"alwaysbefore":{"beforeelementflag":false,"includemarkerflag":false,"beforeelementid":"","beforemarkerstring":"","beforemarkerstringflag":false},"elementstatus":"0","matchingparentelement":[],"secondaryassociations":[],"_id":"61b6fd3ef858ab0ea277ba5f","elementtemplatestring":"text","elementtype":"simple","elemententity":"products.actionTaken","elementname":"value","absoluteposition":"","jsonkeyname":"ActionTaken to Product:","dstoentityassociationtype":"onetoone","recordindex":"last record","datatype":"string","alwayspresent":false,"associationoperation":"overwrite if target value null","parententity":"products","level":"","rowcellreferenceid":"","paragraphreferenceid":"","entitytype":"non-repeatable","virtualannotationreference":"","elementid":"1037","elementorder":"37"}],"name":"Product_info","image":false,"freetext":false,"paragraph":false,"delimited":false,"imagetype":"","dstemplatestring":"Product Name: NOVOLIN N\n\nDosage Regimen: unknown\n\nStart / Stop Date:\n\nProduct Comments:\n\nAction Taken to Product: No Action Taken\nBatch Available: No\n\nBatch / Lot / Control Number:\n\nExpiration Date:\n\nAvailable For Return:\n\nBatch Comments:\n"},"matrixcoordinates":[""],"tablereferenceid":null,"annotationcontenttype":"normal-fullpage","annotationcontentlang":"English","annotationstatus":"0","xmlreferenceid":null,"csvreferenceid":null,"nestedtablereferenceid":null,"rowreferenceid":null,"cellreferenceid":null,"rowreferencelength":"1","cellreferencelength":"1","annotid":"10006","annotcoordinates":"588 , 3701 , 2355 , 906","annotationmatrix":false,"startpage":0,"afterreferencecoordinates":"","beforereferencecoordinates":"","afterreferencestring":"","beforereferencestring":"","isrepeatableannot":true,"annotationtype":"simple"},"_id":"61b6fb94f858ab0ea277ba49"}],"_id":"5fb62a7bdd8f8b069c8317e5","groupid":1}],"docxmetadata":null,"formsummary":{"_id":"61b6f28bf858ab0ea277b9c8","pages":[{"pageheaderidentifier":[""],"pagefooteridentifier":[],"sectionheaders":[],"_id":"61b6f28bf858ab0ea277b9c9","pageno":"0","pagetype":"simple","repeatablepage":"false","pageurl":"http://18.213.8.225:4466/1fa9b8f0-5be4-11ec-a6a8-12414bf81c8f_0.png"},{"pageheaderidentifier":[""],"pagefooteridentifier":[],"sectionheaders":[],"_id":"61b6f28bf858ab0ea277b9ca","pageno":"1","pagetype":"simple","repeatablepage":"false","pageurl":"http://18.213.8.225:4466/1fa9b8f0-5be4-11ec-a6a8-12414bf81c8f_1.png"}],"continuationsheets":"","containscoversheets":"false","continuationpageheader":"","continuationpagefooter":""},"outputformat":"PVI_4.9","createdon":"2021-12-13T07:13:15.519Z"}