{"createdby":"Admin","deleteflag":0,"formstatus":"0","_id":"61d80b66cfc74b451ea6074d","formid":"56dd9918-6f9e-11ec-a761-12414bf81c8f","formname":"NNI R1","formdescription":"Prod_try","formtype":"digitalpdf","configdefinition":[{"groupoperations":[{"_id":"5fb62a7bdd8f8b069c8317e6","transformcase":"none"},{"_id":"5fb62a7bdd8f8b069c8317e7","transformdateformat":"none"},{"_id":"5fb62a7bdd8f8b069c8317e8","transformnumberformat":"none"},{"_id":"5fb62a7bdd8f8b069c8317e9","concatwithdelimiter":""},{"_id":"5fb62a7bdd8f8b069c8317ea","padafterconcat":"none"},{"_id":"5fb62a7bdd8f8b069c8317eb","padbeforeconcat":"none"},{"_id":"5fb62a7bdd8f8b069c8317ec","truncateleadingdelimiter":"false"},{"_id":"5fb62a7bdd8f8b069c8317ed","truncatelaggingdelimiter":"false"}],"annotations":[{"annotation":{"datastring":{"continued":{"continuedelsewhere":false,"continuationsymbol":"","continuationheader":"","continuationfooter":"","continuationtype":"","appearsonlyoncontinuationsheet":false},"setofrows":{"rowtransformlength":"1","celltransformlength":"1","chref":[],"virtualtable":false,"borderedtable":false,"rowseparator":"","columnseparator":"","rowdelimiter":"","columndelimiter":"","tableheader":false,"repeatingtableheader":false,"columnnames":"","tableheaderseparator":"","tablestartstring":"","tableendstring":"","startrow":"","endrow":"","columntypes":""},"keyvaluepairs":{"formkeylist":["NNI Employee Aware Date:"],"simplekeymap":[],"keymapid":"","extractionstartposition":"afterstring","extractionendposition":"beforestring","keystartposition":"linebegining","valueendposition":"nextkeystartposition","extractionstartstring":"NNI Employee Aware Date:","extractionendstring":"NNI Employee Name:","keyvalueseperator":":","isrepeatable":false,"useaddressmacro":false,"recordseperator":"","keyvaluepair":true,"matchesvaluemap":false},"datecleansing":{"removeleadingwhitespace":false,"removelaggingwhitespace":false,"removeleadingstringmatching":"","removelaggingstringmatching":""},"stringdelimiters":[""],"elements":[{"matchesvaluemap":{"outputtime":true,"valuemapid":"","simplevaluemap":"","matchingtype":"","advtransformationexpression":"","prependstring":"","appendstring":"","nomatchdefault":"","outputdateformat":"dd-mmm-yyyy","ismapped":false},"alwaysafter":{"afterelementflag":false,"includemarkerflag":false,"afterelementid":"","aftermarkerstring":"","aftermarkerstringflag":false},"alwaysbefore":{"beforeelementflag":false,"includemarkerflag":false,"beforeelementid":"","beforemarkerstring":"","beforemarkerstringflag":false},"elementstatus":"0","matchingparentelement":[],"secondaryassociations":[],"_id":"61af57f6f858ab0ea277aa52","elementtemplatestring":"txt","elementtype":"simple","elemententity":"admin","elementname":"receiptDate","absoluteposition":"","jsonkeyname":"NNI Employee Aware Date:","dstoentityassociationtype":"onetoone","recordindex":"new record","datatype":"string","alwayspresent":false,"associationoperation":"","parententity":"","level":"","rowcellreferenceid":"","paragraphreferenceid":"","entitytype":"non-repeatable","virtualannotationreference":"","elementid":"1001"},{"matchesvaluemap":{"outputtime":true,"valuemapid":"","simplevaluemap":"","matchingtype":"","advtransformationexpression":"","prependstring":"","appendstring":"","nomatchdefault":"","outputdateformat":"dd-mmm-yyyy","ismapped":false},"alwaysafter":{"afterelementflag":false,"includemarkerflag":false,"afterelementid":"","aftermarkerstring":"","aftermarkerstringflag":false},"alwaysbefore":{"beforeelementflag":false,"includemarkerflag":false,"beforeelementid":"","beforemarkerstring":"","beforemarkerstringflag":false},"elementstatus":"0","matchingparentelement":[],"secondaryassociations":[],"_id":"61af5608f858ab0ea277aa4e","elementtemplatestring":"text","elementtype":"simple","elemententity":"admin","elementname":"mostRecentReceiptDate","absoluteposition":"","jsonkeyname":"NNI Employee Aware Date:","dstoentityassociationtype":"onetoone","recordindex":"new record","datatype":"string","alwayspresent":false,"associationoperation":"Append to existing value","parententity":"","level":"","rowcellreferenceid":"","paragraphreferenceid":"","entitytype":"non-repeatable","virtualannotationreference":"","elementid":"1025"}],"name":"NNI Employee Aware Date","image":false,"freetext":false,"paragraph":false,"delimited":false,"imagetype":"","dstemplatestring":"NNI Employee Aware Date: 22-Aug-2019\n\nNNI Employee Name: RGA (Robert Graeser)\n\nNNI Employee Mobile Number: +1 215-534-8915\n\nNNI Employee Phone Number: +1 215-534-8915\n\nNNI Employee Email Address: RGA@novonordisk.com\n<mailto:RGA@novonordisk.com>\n"},"matrixcoordinates":[""],"tablereferenceid":null,"annotationcontenttype":"normal-fullpage","annotationcontentlang":"English","annotationstatus":"0","xmlreferenceid":null,"csvreferenceid":null,"nestedtablereferenceid":null,"rowreferenceid":null,"cellreferenceid":null,"rowreferencelength":"1","cellreferencelength":"1","annotid":"10001","annotcoordinates":"620 , 1186 , 2065 , 539","annotationmatrix":false,"startpage":0,"afterreferencecoordinates":"","beforereferencecoordinates":"","afterreferencestring":"","beforereferencestring":"","isrepeatableannot":false,"annotationtype":"simple"},"_id":"5fb62b16dd8f8b069c8317f5"},{"annotation":{"datastring":{"continued":{"continuedelsewhere":false,"continuationsymbol":"","continuationheader":"","continuationfooter":"","continuationtype":"","appearsonlyoncontinuationsheet":false},"setofrows":{"rowtransformlength":"1","celltransformlength":"1","chref":[],"virtualtable":false,"borderedtable":false,"rowseparator":"","columnseparator":"","rowdelimiter":"","columndelimiter":"","tableheader":false,"repeatingtableheader":false,"columnnames":"","tableheaderseparator":"","tablestartstring":"","tableendstring":"","startrow":"","endrow":"","columntypes":""},"keyvaluepairs":{"formkeylist":["Reporter Type:","Reporter Name:","Reporter Address:","Reporter Phone:"],"simplekeymap":[],"keymapid":"","extractionstartposition":"anyformkey","extractionendposition":"beforestring","keystartposition":"linebegining","valueendposition":"nextkeystartposition","extractionstartstring":"NNI Employee Email Address:","extractionendstring":"Patient Information","keyvalueseperator":":","isrepeatable":true,"useaddressmacro":false,"recordseperator":"Reporter Type:","keyvaluepair":true,"matchesvaluemap":false},"datecleansing":{"removeleadingwhitespace":false,"removelaggingwhitespace":false,"removeleadingstringmatching":"","removelaggingstringmatching":""},"stringdelimiters":[""],"elements":[{"matchesvaluemap":{"outputtime":true,"valuemapid":"","simplevaluemap":"Doctor__Physician|Nurse__Other health professional|Pharmacist__Pharmacist|Other HCP__Other health professional|Patient__Consumer or other non health professional|Relative/friend of Patient __Consumer|Did not ask__Consumer or other non health professional|Did Not Ask__Consumer or other non health professional","matchingtype":"contains","advtransformationexpression":"","prependstring":"","appendstring":"","nomatchdefault":"","outputdateformat":"","ismapped":true},"alwaysafter":{"afterelementflag":false,"includemarkerflag":false,"afterelementid":"","aftermarkerstring":"","aftermarkerstringflag":false},"alwaysbefore":{"beforeelementflag":false,"includemarkerflag":false,"beforeelementid":"","beforemarkerstring":"","beforemarkerstringflag":false},"elementstatus":"0","matchingparentelement":[],"secondaryassociations":[],"_id":"61dd1cdb3022f7034b2d1c25","elementtemplatestring":"Doctor","elementtype":"simple","elemententity":"reporters","elementname":"qualification","absoluteposition":"","jsonkeyname":"Reporter Type:","dstoentityassociationtype":"onetoone","recordindex":"new record","datatype":"string","alwayspresent":false,"associationoperation":"overwrite if target value null","parententity":"admin","level":"","rowcellreferenceid":"","paragraphreferenceid":"","entitytype":"repeatable","virtualannotationreference":"","elementid":"1002"},{"matchesvaluemap":{"outputtime":true,"valuemapid":"","simplevaluemap":"","matchingtype":"","advtransformationexpression":"","prependstring":"","appendstring":"","nomatchdefault":"","outputdateformat":"","ismapped":false},"alwaysafter":{"afterelementflag":false,"includemarkerflag":false,"afterelementid":"","aftermarkerstring":"","aftermarkerstringflag":false},"alwaysbefore":{"beforeelementflag":false,"includemarkerflag":false,"beforeelementid":"","beforemarkerstring":"","beforemarkerstringflag":false},"elementstatus":"0","matchingparentelement":[],"secondaryassociations":[],"_id":"61e68de8537c7d7d780878ed","elementtemplatestring":"name","elementtype":"simple","elemententity":"reporters","elementname":"givenName","absoluteposition":"","jsonkeyname":"Reporter Name:","dstoentityassociationtype":"onetoone","recordindex":"new record","datatype":"string","alwayspresent":false,"associationoperation":"","parententity":"admin","level":"","rowcellreferenceid":"","paragraphreferenceid":"","entitytype":"repeatable","virtualannotationreference":"","elementid":"1003"},{"matchesvaluemap":{"outputtime":true,"valuemapid":"","simplevaluemap":"","matchingtype":"","advtransformationexpression":"","prependstring":"","appendstring":"","nomatchdefault":"","outputdateformat":"","ismapped":false},"alwaysafter":{"afterelementflag":false,"includemarkerflag":false,"afterelementid":"","aftermarkerstring":"","aftermarkerstringflag":false},"alwaysbefore":{"beforeelementflag":false,"includemarkerflag":false,"beforeelementid":"","beforemarkerstring":"","beforemarkerstringflag":false},"elementstatus":"0","matchingparentelement":[],"secondaryassociations":[],"_id":"61b0e1adf858ab0ea277adf1","elementtemplatestring":"name","elementtype":"simple","elemententity":"reporters","elementname":"country","absoluteposition":"","jsonkeyname":"Reporter Address:","dstoentityassociationtype":"onetoone","recordindex":"new record","datatype":"string","alwayspresent":false,"associationoperation":"","parententity":"admin","level":"","rowcellreferenceid":"","paragraphreferenceid":"","entitytype":"repeatable","virtualannotationreference":"","elementid":"1004"},{"matchesvaluemap":{"outputtime":true,"valuemapid":"","simplevaluemap":"","matchingtype":"","advtransformationexpression":"","prependstring":"","appendstring":"","nomatchdefault":"","outputdateformat":"","ismapped":false},"alwaysafter":{"afterelementflag":false,"includemarkerflag":false,"afterelementid":"","aftermarkerstring":"","aftermarkerstringflag":false},"alwaysbefore":{"beforeelementflag":false,"includemarkerflag":false,"beforeelementid":"","beforemarkerstring":"","beforemarkerstringflag":false},"elementstatus":"0","matchingparentelement":[],"secondaryassociations":[],"_id":"61b0e162f858ab0ea277adf0","elementtemplatestring":"name","elementtype":"simple","elemententity":"reporters","elementname":"telephone","absoluteposition":"","jsonkeyname":"Reporter Phone:","dstoentityassociationtype":"onetoone","recordindex":"new record","datatype":"string","alwayspresent":false,"associationoperation":"","parententity":"admin","level":"","rowcellreferenceid":"","paragraphreferenceid":"","entitytype":"repeatable","virtualannotationreference":"","elementid":"1005"}],"name":"Reporter_information","image":false,"freetext":false,"paragraph":false,"delimited":false,"imagetype":"","dstemplatestring":"Reporter Type: Pharmacist\n\nReporter Name: Nicole Pezzino\n\nReporter Address: Weis pharmacy 5020 pa -873 Schnecksville pa 18078\nReporter Phone: 6107995481\n"},"matrixcoordinates":[""],"tablereferenceid":null,"annotationcontenttype":"normal-fullpage","annotationcontentlang":"English","annotationstatus":"0","xmlreferenceid":null,"csvreferenceid":null,"nestedtablereferenceid":null,"rowreferenceid":null,"cellreferenceid":null,"rowreferencelength":"1","cellreferencelength":"1","annotid":"10002","annotcoordinates":"579 , 1830 , 2944 , 453","annotationmatrix":false,"startpage":0,"afterreferencecoordinates":"","beforereferencecoordinates":"","afterreferencestring":"","beforereferencestring":"","isrepeatableannot":true,"annotationtype":"simple"},"_id":"5fb7f81ba18eb80690e8071a"},{"annotation":{"datastring":{"continued":{"continuedelsewhere":false,"continuationsymbol":"","continuationheader":"","continuationfooter":"","continuationtype":"","appearsonlyoncontinuationsheet":false},"setofrows":{"rowtransformlength":"1","celltransformlength":"1","chref":[],"virtualtable":false,"borderedtable":false,"rowseparator":"","columnseparator":"","rowdelimiter":"","columndelimiter":"","tableheader":false,"repeatingtableheader":false,"columnnames":"","tableheaderseparator":"","tablestartstring":"","tableendstring":"","startrow":"","endrow":"","columntypes":""},"keyvaluepairs":{"formkeylist":["Patient Information Not Available / Not Reported:","Patient First Name, Last Name or Initials:","Patient Gender:","Patient Age, Date of Birth or Age Group:","Patient Address:","Patient Phone:"],"simplekeymap":[],"keymapid":"","extractionstartposition":"afterstring","extractionendposition":"beforestring","keystartposition":"linebegining","valueendposition":"nextkeystartposition","extractionstartstring":"Patient Information","extractionendstring":"Complaint:","keyvalueseperator":":","isrepeatable":false,"useaddressmacro":false,"recordseperator":"","keyvaluepair":true,"matchesvaluemap":false},"datecleansing":{"removeleadingwhitespace":false,"removelaggingwhitespace":false,"removeleadingstringmatching":"","removelaggingstringmatching":""},"stringdelimiters":[""],"elements":[{"matchesvaluemap":{"outputtime":true,"valuemapid":"","simplevaluemap":"<INITIALS REMOVED>__UNKNOWN|<removed initials>__UNKNOWN|<REMOVED INITIALS>__UNKNOWN|<REMOVED NAME>__UNKNOWN|<removed name>__UNKNOWN|Not reported__UNKNOWN|Not Reported__UNKNOWN|not reported__UNKNOWN|<name removed>__UNKNOWN|<NAME REMOVED>__UNKNOWN|n/a__UNKNOWN|__UNKNOWN","matchingtype":"contains","advtransformationexpression":"","prependstring":"","appendstring":"","nomatchdefault":"","outputdateformat":"","ismapped":true},"alwaysafter":{"afterelementflag":false,"includemarkerflag":false,"afterelementid":"","aftermarkerstring":"","aftermarkerstringflag":false},"alwaysbefore":{"beforeelementflag":false,"includemarkerflag":false,"beforeelementid":"","beforemarkerstring":"","beforemarkerstringflag":false},"elementstatus":"0","matchingparentelement":[],"secondaryassociations":[],"_id":"61b0a867f858ab0ea277ade1","elementtemplatestring":"name","elementtype":"simple","elemententity":"patient","elementname":"name","absoluteposition":"","jsonkeyname":"Patient First Name, Last Name or Initials:","dstoentityassociationtype":"onetoone","recordindex":"new record","datatype":"string","alwayspresent":false,"associationoperation":"overwrite if target value null","parententity":"admin","level":"","rowcellreferenceid":"","paragraphreferenceid":"","entitytype":"non-repeatable","virtualannotationreference":"","elementid":"1006"},{"matchesvaluemap":{"outputtime":true,"valuemapid":"","simplevaluemap":"","matchingtype":"","advtransformationexpression":"","prependstring":"","appendstring":"","nomatchdefault":"","outputdateformat":"","ismapped":false},"alwaysafter":{"afterelementflag":false,"includemarkerflag":false,"afterelementid":"","aftermarkerstring":"","aftermarkerstringflag":false},"alwaysbefore":{"beforeelementflag":false,"includemarkerflag":false,"beforeelementid":"","beforemarkerstring":"","beforemarkerstringflag":false},"elementstatus":"0","matchingparentelement":[],"secondaryassociations":[],"_id":"61b0a6b3f858ab0ea277add8","elementtemplatestring":"name","elementtype":"simple","elemententity":"patient","elementname":"gender","absoluteposition":"","jsonkeyname":"Patient Gender:","dstoentityassociationtype":"onetoone","recordindex":"last record","datatype":"string","alwayspresent":false,"associationoperation":"overwrite if target value null","parententity":"admin","level":"","rowcellreferenceid":"","paragraphreferenceid":"","entitytype":"non-repeatable","virtualannotationreference":"","elementid":"1007"},{"matchesvaluemap":{"outputtime":true,"valuemapid":"","simplevaluemap":"","matchingtype":"","advtransformationexpression":"","prependstring":"","appendstring":"","nomatchdefault":"","outputdateformat":"","ismapped":false},"alwaysafter":{"afterelementflag":false,"includemarkerflag":false,"afterelementid":"","aftermarkerstring":"","aftermarkerstringflag":false},"alwaysbefore":{"beforeelementflag":false,"includemarkerflag":false,"beforeelementid":"","beforemarkerstring":"","beforemarkerstringflag":false},"elementstatus":"0","matchingparentelement":[],"secondaryassociations":[],"_id":"61b0a841f858ab0ea277ade0","elementtemplatestring":"name","elementtype":"simple","elemententity":"patient.age","elementname":"inputValue","absoluteposition":"","jsonkeyname":"Patient Age, Date of Birth or Age Group:","dstoentityassociationtype":"onetoone","recordindex":"new record","datatype":"string","alwayspresent":false,"associationoperation":"overwrite if target value null","parententity":"patient","level":"","rowcellreferenceid":"","paragraphreferenceid":"","entitytype":"non-repeatable","virtualannotationreference":"","elementid":"1008"}],"name":"patient-info","image":false,"freetext":false,"paragraph":false,"delimited":false,"imagetype":"","dstemplatestring":"Patient Information Not Available / Not Reported: Not Reported\nPatient First Name, Last Name or Initials:\n\nPatient Age, Date of Birth or Age Group:\n\nPatient Address:\n\nPatient Phone:\n"},"matrixcoordinates":[""],"tablereferenceid":null,"annotationcontenttype":"normal-fullpage","annotationcontentlang":"English","annotationstatus":"0","xmlreferenceid":null,"csvreferenceid":null,"nestedtablereferenceid":null,"rowreferenceid":null,"cellreferenceid":null,"rowreferencelength":"1","cellreferencelength":"1","annotid":"10003","annotcoordinates":"607 , 2314 , 3329 , 575","annotationmatrix":false,"startpage":0,"afterreferencecoordinates":"","beforereferencecoordinates":"","afterreferencestring":"","beforereferencestring":"","isrepeatableannot":false,"annotationtype":"simple"},"_id":"5fb636e1dd8f8b069c831801"},{"annotation":{"datastring":{"continued":{"continuedelsewhere":false,"continuationsymbol":"","continuationheader":"","continuationfooter":"","continuationtype":"","appearsonlyoncontinuationsheet":false},"setofrows":{"rowtransformlength":"1","celltransformlength":"1","chref":[],"virtualtable":false,"borderedtable":false,"rowseparator":"","columnseparator":"","rowdelimiter":"","columndelimiter":"","tableheader":false,"repeatingtableheader":false,"columnnames":"","tableheaderseparator":"","tablestartstring":"","tableendstring":"","startrow":"","endrow":"","columntypes":"","transformtable":false,"repeatingsectionheader":false,"spacebetweenrows":"","tableheaderregionsize":"","nestedtablemap":""},"keyvaluepairs":{"formkeylist":["Complaint:","HasPatient Recovered:","Has Patient Recovered:"],"simplekeymap":[],"keymapid":"","extractionstartposition":"afterstring","extractionendposition":"beforestring","keystartposition":"linebegining","valueendposition":"nextkeystartposition","extractionstartstring":"Complaint:","extractionendstring":"Product Name:","keyvalueseperator":":","isrepeatable":false,"useaddressmacro":false,"recordseperator":"","keyvaluepair":true,"matchesvaluemap":false},"datecleansing":{"removeleadingwhitespace":false,"removelaggingwhitespace":false,"removeleadingstringmatching":"","removelaggingstringmatching":""},"stringdelimiters":[""],"elements":[{"matchesvaluemap":{"outputtime":true,"valuemapid":"","simplevaluemap":"","matchingtype":"","advtransformationexpression":"","prependstring":"","appendstring":"","nomatchdefault":"","outputdateformat":"","ismapped":false},"alwaysafter":{"afterelementflag":false,"includemarkerflag":false,"afterelementid":"","aftermarkerstring":"","aftermarkerstringflag":false},"alwaysbefore":{"beforeelementflag":false,"includemarkerflag":false,"beforeelementid":"","beforemarkerstring":"","beforemarkerstringflag":false},"elementstatus":"0","matchingparentelement":[],"secondaryassociations":[],"_id":"61b0a826f858ab0ea277addf","elementtemplatestring":"text","elementtype":"simple","elemententity":"events","elementname":"reportedReaction","absoluteposition":"","jsonkeyname":"Complaint:","dstoentityassociationtype":"onetoone","recordindex":"new record","datatype":"string","alwayspresent":false,"associationoperation":"overwrite if target value null","parententity":"admin","level":"","rowcellreferenceid":"","paragraphreferenceid":"","entitytype":"repeatable","virtualannotationreference":"","elementid":"1009"},{"matchesvaluemap":{"outputtime":true,"valuemapid":"","simplevaluemap":"Did Not Report__not recovered/not resolved/ongoing|Yes__recovered/resolved","matchingtype":"contains","advtransformationexpression":"","prependstring":"","appendstring":"","nomatchdefault":"","outputdateformat":"","ismapped":true},"alwaysafter":{"afterelementflag":false,"includemarkerflag":false,"afterelementid":"","aftermarkerstring":"","aftermarkerstringflag":false},"alwaysbefore":{"beforeelementflag":false,"includemarkerflag":false,"beforeelementid":"","beforemarkerstring":"","beforemarkerstringflag":false},"elementstatus":"0","matchingparentelement":[],"secondaryassociations":[],"_id":"61dc64dc3022f7034b2d1bfd","elementtemplatestring":"text","elementtype":"simple","elemententity":"events","elementname":"outcome","absoluteposition":"","jsonkeyname":"HasPatient Recovered:","dstoentityassociationtype":"onetoone","recordindex":"last record","datatype":"string","alwayspresent":false,"associationoperation":"overwrite if target value null","parententity":"admin","level":"","rowcellreferenceid":"","paragraphreferenceid":"","entitytype":"repeatable","virtualannotationreference":"","elementid":"1026"},{"matchesvaluemap":{"outputtime":true,"valuemapid":"","simplevaluemap":"Did Not Report__not recovered/not resolved/ongoing|Did Not Report__not recovered/not resolved/ongoing|No__not recovered/not resolved/ongoing|Yes__recovered/resolved","matchingtype":"contains","advtransformationexpression":"","prependstring":"","appendstring":"","nomatchdefault":"","outputdateformat":"","ismapped":true},"alwaysafter":{"afterelementflag":false,"includemarkerflag":false,"afterelementid":"","aftermarkerstring":"","aftermarkerstringflag":false},"alwaysbefore":{"beforeelementflag":false,"includemarkerflag":false,"beforeelementid":"","beforemarkerstring":"","beforemarkerstringflag":false},"elementstatus":"0","matchingparentelement":[],"secondaryassociations":[],"_id":"61dc65a63022f7034b2d1c00","elementtemplatestring":"text","elementtype":"simple","elemententity":"events","elementname":"outcome","absoluteposition":"","jsonkeyname":"Has Patient Recovered:","dstoentityassociationtype":"onetoone","recordindex":"last record","datatype":"string","alwayspresent":false,"associationoperation":"overwrite if target value null","parententity":"admin","level":"","rowcellreferenceid":"","paragraphreferenceid":"","entitytype":"repeatable","virtualannotationreference":"","elementid":"1042"}],"name":"Complaint","image":false,"freetext":false,"paragraph":false,"delimited":false,"imagetype":"","dstemplatestring":"Complaint: patient who was recently switched off Lantus to Novolin which caused\ntheir blood glucose to spike from 200s to 450s\n"},"matrixcoordinates":[""],"tablereferenceid":null,"annotationcontenttype":"normal-fullpage","annotationcontentlang":"English","annotationstatus":"0","xmlreferenceid":null,"csvreferenceid":null,"nestedtablereferenceid":null,"rowreferenceid":null,"cellreferenceid":null,"rowreferencelength":"1","cellreferencelength":"1","annotid":"10004","annotcoordinates":"620 , 2971 , 3338 , 190","annotationmatrix":false,"startpage":0,"afterreferencecoordinates":"","beforereferencecoordinates":"","afterreferencestring":"","beforereferencestring":"","isrepeatableannot":false,"annotationtype":"simple"},"_id":"61b6f6ddf858ab0ea277ba11"},{"annotation":{"datastring":{"continued":{"continuedelsewhere":false,"continuationsymbol":"","continuationheader":"","continuationfooter":"","continuationtype":"","appearsonlyoncontinuationsheet":false},"setofrows":{"rowtransformlength":"1","celltransformlength":"1","chref":[],"virtualtable":false,"borderedtable":false,"rowseparator":"","columnseparator":"","rowdelimiter":"","columndelimiter":"","tableheader":false,"repeatingtableheader":false,"columnnames":"","tableheaderseparator":"","tablestartstring":"","tableendstring":"","startrow":"","endrow":"","columntypes":"","transformtable":false,"repeatingsectionheader":false,"spacebetweenrows":"","tableheaderregionsize":"","nestedtablemap":""},"keyvaluepairs":{"formkeylist":["Product Name:","Dosage Regimen:","Start / Stop Date:","Product Comments:","Action Taken to Product:","Batch Available:","Batch / Lot / Control Number:","Expiration Date:","Available For Return:","Batch Comments:"],"simplekeymap":[],"keymapid":"","extractionstartposition":"afterstring","extractionendposition":"beforestring","keystartposition":"linebegining","valueendposition":"nextkeystartposition","extractionstartstring":"Product Name:","extractionendstring":"REMINDER:","keyvalueseperator":":","isrepeatable":true,"useaddressmacro":false,"recordseperator":"Product Name:","keyvaluepair":true,"matchesvaluemap":false},"datecleansing":{"removeleadingwhitespace":false,"removelaggingwhitespace":false,"removeleadingstringmatching":"","removelaggingstringmatching":""},"stringdelimiters":[""],"elements":[{"matchesvaluemap":{"outputtime":true,"valuemapid":"","simplevaluemap":"","matchingtype":"","advtransformationexpression":"","prependstring":"","appendstring":"","nomatchdefault":"","outputdateformat":"","ismapped":false},"alwaysafter":{"afterelementflag":false,"includemarkerflag":false,"afterelementid":"","aftermarkerstring":"","aftermarkerstringflag":false},"alwaysbefore":{"beforeelementflag":false,"includemarkerflag":false,"beforeelementid":"","beforemarkerstring":"","beforemarkerstringflag":false},"elementstatus":"0","matchingparentelement":[],"secondaryassociations":[{"_id":"5fb7f98ca18eb80690e8072f","secondaryentity":"currententity","secondaryelement":"seq_num","secondaryelementvalue":"__LISTORDER","secondaryassociationoperation":"overwrite if target value null"}],"_id":"61b08e27f858ab0ea277ad97","elementtemplatestring":"NOVOLIN","elementtype":"simple","elemententity":"products","elementname":"license_value","absoluteposition":"","jsonkeyname":"Product Name:","dstoentityassociationtype":"onetoone","recordindex":"last record","datatype":"string","alwayspresent":false,"associationoperation":"","parententity":"admin","level":"","rowcellreferenceid":"","paragraphreferenceid":"","entitytype":"repeatable","virtualannotationreference":"","elementid":"1027"}],"name":"Product_name","image":false,"freetext":false,"paragraph":false,"delimited":false,"imagetype":"","dstemplatestring":"Product Name: NOVOLIN N\nDosage Regimen: unknown\n"},"matrixcoordinates":[""],"tablereferenceid":null,"annotationcontenttype":"normal-fullpage","annotationcontentlang":"English","annotationstatus":"0","xmlreferenceid":null,"csvreferenceid":null,"nestedtablereferenceid":null,"rowreferenceid":null,"cellreferenceid":null,"rowreferencelength":"1","cellreferencelength":"1","annotid":"10005","annotcoordinates":"588 , 3701 , 1807 , 203","annotationmatrix":false,"startpage":0,"afterreferencecoordinates":"","beforereferencecoordinates":"","afterreferencestring":"","beforereferencestring":"","isrepeatableannot":true,"annotationtype":"simple"},"_id":"61b6f768f858ab0ea277ba1d"},{"annotation":{"datastring":{"continued":{"continuedelsewhere":false,"continuationsymbol":"","continuationheader":"","continuationfooter":"","continuationtype":"","appearsonlyoncontinuationsheet":false},"setofrows":{"rowtransformlength":"1","celltransformlength":"1","chref":[],"virtualtable":false,"borderedtable":false,"rowseparator":"","columnseparator":"","rowdelimiter":"","columndelimiter":"","tableheader":false,"repeatingtableheader":false,"columnnames":"","tableheaderseparator":"","tablestartstring":"","tableendstring":"","startrow":"","endrow":"","columntypes":"","transformtable":false,"repeatingsectionheader":false,"spacebetweenrows":"","tableheaderregionsize":"","nestedtablemap":""},"keyvaluepairs":{"formkeylist":["Product Name:","Dosage Regimen:","Start / Stop Date:","Product Comments:","ActionTaken to Product:","Action Taken to Product:","Batch Available:","Batch / Lot / Control Number:","Expiration Date:","Available For Return:","Batch Comments:"],"simplekeymap":[],"keymapid":"","extractionstartposition":"afterstring","extractionendposition":"beforestring","keystartposition":"linebegining","valueendposition":"nextkeystartposition","extractionstartstring":"Product Name:","extractionendstring":"REMINDER:","keyvalueseperator":":","isrepeatable":true,"useaddressmacro":false,"recordseperator":"Product Name:","keyvaluepair":true,"matchesvaluemap":false},"datecleansing":{"removeleadingwhitespace":false,"removelaggingwhitespace":false,"removeleadingstringmatching":"","removelaggingstringmatching":""},"stringdelimiters":[""],"elements":[{"matchesvaluemap":{"outputtime":true,"valuemapid":"","simplevaluemap":"","matchingtype":"","advtransformationexpression":"","prependstring":"","appendstring":"","nomatchdefault":"","outputdateformat":"","ismapped":false},"alwaysafter":{"afterelementflag":false,"includemarkerflag":false,"afterelementid":"","aftermarkerstring":"","aftermarkerstringflag":false},"alwaysbefore":{"beforeelementflag":false,"includemarkerflag":false,"beforeelementid":"","beforemarkerstring":"","beforemarkerstringflag":false},"elementstatus":"0","matchingparentelement":[],"secondaryassociations":[],"_id":"61d810facfc74b451ea607df","elementtemplatestring":"text","elementtype":"simple","elemententity":"productEventMatrix","elementname":"__LISTORDER","absoluteposition":"","jsonkeyname":"Product Name:","dstoentityassociationtype":"onetoone","recordindex":"last record","datatype":"string","alwayspresent":false,"associationoperation":"","parententity":"admin","level":"","rowcellreferenceid":"","paragraphreferenceid":"","entitytype":"repeatable","virtualannotationreference":"","elementid":"1043","elementorder":"44"},{"matchesvaluemap":{"outputtime":true,"valuemapid":"","simplevaluemap":"","matchingtype":"","advtransformationexpression":"","prependstring":"","appendstring":"","nomatchdefault":"","outputdateformat":"","ismapped":false},"alwaysafter":{"afterelementflag":false,"includemarkerflag":false,"afterelementid":"","aftermarkerstring":"","aftermarkerstringflag":false},"alwaysbefore":{"beforeelementflag":false,"includemarkerflag":false,"beforeelementid":"","beforemarkerstring":"","beforemarkerstringflag":false},"elementstatus":"0","matchingparentelement":[],"secondaryassociations":[],"_id":"61d81184cfc74b451ea607e2","elementtemplatestring":"text","elementtype":"simple","elemententity":"products.doseInformations","elementname":"description","absoluteposition":"","jsonkeyname":"Dosage Regimen:","dstoentityassociationtype":"onetoone","recordindex":"last record","datatype":"string","alwayspresent":false,"associationoperation":"overwrite if target value null","parententity":"products","level":"","rowcellreferenceid":"","paragraphreferenceid":"","entitytype":"repeatable","virtualannotationreference":"","elementid":"1046","elementorder":"46"},{"matchesvaluemap":{"outputtime":true,"valuemapid":"","simplevaluemap":"","matchingtype":"","advtransformationexpression":"","prependstring":"","appendstring":"","nomatchdefault":"","outputdateformat":"","ismapped":false},"alwaysafter":{"afterelementflag":false,"includemarkerflag":false,"afterelementid":"","aftermarkerstring":"","aftermarkerstringflag":false},"alwaysbefore":{"beforeelementflag":false,"includemarkerflag":false,"beforeelementid":"","beforemarkerstring":"","beforemarkerstringflag":false},"elementstatus":"0","matchingparentelement":[],"secondaryassociations":[],"_id":"61d8125bcfc74b451ea607f0","elementtemplatestring":"text","elementtype":"simple","elemententity":"products.doseInformations","elementname":"startDate","absoluteposition":"","jsonkeyname":"Start / Stop Date:","dstoentityassociationtype":"onetoone","recordindex":"last record","datatype":"string","alwayspresent":false,"associationoperation":"overwrite if target value null","parententity":"products","level":"","rowcellreferenceid":"","paragraphreferenceid":"","entitytype":"repeatable","virtualannotationreference":"","elementid":"1047","elementorder":"47"},{"matchesvaluemap":{"outputtime":true,"valuemapid":"","simplevaluemap":"","matchingtype":"","advtransformationexpression":"","prependstring":"\\nProduct Comments:","appendstring":"","nomatchdefault":"","outputdateformat":"","ismapped":true},"alwaysafter":{"afterelementflag":false,"includemarkerflag":false,"afterelementid":"","aftermarkerstring":"","aftermarkerstringflag":false},"alwaysbefore":{"beforeelementflag":false,"includemarkerflag":false,"beforeelementid":"","beforemarkerstring":"","beforemarkerstringflag":false},"elementstatus":"0","matchingparentelement":[],"secondaryassociations":[],"_id":"61d81352cfc74b451ea607fa","elementtemplatestring":"text","elementtype":"simple","elemententity":"summary","elementname":"caseDescription","absoluteposition":"","jsonkeyname":"Product Comments:","dstoentityassociationtype":"onetoone","recordindex":"last record","datatype":"string","alwayspresent":false,"associationoperation":"overwrite if target value null","parententity":"admin","level":"","rowcellreferenceid":"","paragraphreferenceid":"","entitytype":"non-repeatable","virtualannotationreference":"","elementid":"1048","elementorder":"48"},{"matchesvaluemap":{"outputtime":true,"valuemapid":"","simplevaluemap":"No Action Taken__Dose Not Changed|No Action Taken__Dose Not Changed|Product Drug Withdrawn temporarily__Drug withdrawn|Product Discontinued__Drug withdrawn|Dose Decrease__Dose Reduced|Dose Increase__Dose Increased|Did Not Report__Unknown|Prod Discontinued Temp.__Drug withdrawn","matchingtype":"exact match","advtransformationexpression":"","prependstring":"","appendstring":"","nomatchdefault":"","outputdateformat":"","ismapped":true},"alwaysafter":{"afterelementflag":false,"includemarkerflag":false,"afterelementid":"","aftermarkerstring":"","aftermarkerstringflag":false},"alwaysbefore":{"beforeelementflag":false,"includemarkerflag":false,"beforeelementid":"","beforemarkerstring":"","beforemarkerstringflag":false},"elementstatus":"0","matchingparentelement":[],"secondaryassociations":[],"_id":"61efcac836e4f819e83924b7","elementtemplatestring":"text","elementtype":"simple","elemententity":"products.actionTaken","elementname":"value","absoluteposition":"","jsonkeyname":"Action Taken to Product:","dstoentityassociationtype":"onetoone","recordindex":"last record","datatype":"string","alwayspresent":false,"associationoperation":"Append to existing value","parententity":"products","level":"","rowcellreferenceid":"","paragraphreferenceid":"","entitytype":"non-repeatable","virtualannotationreference":"","elementid":"1051"},{"matchesvaluemap":{"outputtime":true,"valuemapid":"","simplevaluemap":"","matchingtype":"","advtransformationexpression":"","prependstring":"\\nBatch Available:","appendstring":"","nomatchdefault":"","outputdateformat":"","ismapped":true},"alwaysafter":{"afterelementflag":false,"includemarkerflag":false,"afterelementid":"","aftermarkerstring":"","aftermarkerstringflag":false},"alwaysbefore":{"beforeelementflag":false,"includemarkerflag":false,"beforeelementid":"","beforemarkerstring":"","beforemarkerstringflag":false},"elementstatus":"0","matchingparentelement":[],"secondaryassociations":[],"_id":"61d816a8cfc74b451ea60827","elementtemplatestring":"txt","elementtype":"simple","elemententity":"summary","elementname":"caseDescription","absoluteposition":"","jsonkeyname":"Batch Available:","dstoentityassociationtype":"onetoone","recordindex":"last record","datatype":"string","alwayspresent":false,"associationoperation":"Append to existing value","parententity":"admin","level":"","rowcellreferenceid":"","paragraphreferenceid":"","entitytype":"non-repeatable","virtualannotationreference":"","elementid":"1052","elementorder":"52"},{"matchesvaluemap":{"outputtime":true,"valuemapid":"","simplevaluemap":"No__UNKNOWN|Did not report__UNKNOWN|Did not ask__UNKNOWN|__UNKNOWN","matchingtype":"contains","advtransformationexpression":"","prependstring":"","appendstring":"","nomatchdefault":"","outputdateformat":"","ismapped":true},"alwaysafter":{"afterelementflag":false,"includemarkerflag":false,"afterelementid":"","aftermarkerstring":"","aftermarkerstringflag":false},"alwaysbefore":{"beforeelementflag":false,"includemarkerflag":false,"beforeelementid":"","beforemarkerstring":"","beforemarkerstringflag":false},"elementstatus":"0","matchingparentelement":[],"secondaryassociations":[],"_id":"61d828b8cfc74b451ea608a5","elementtemplatestring":"txt","elementtype":"simple","elemententity":"products.doseInformations","elementname":"customProperty_batchNumber_value","absoluteposition":"","jsonkeyname":"Batch / Lot / Control Number:","dstoentityassociationtype":"onetoone","recordindex":"last record","datatype":"string","alwayspresent":false,"associationoperation":"overwrite if target value null","parententity":"products","level":"","rowcellreferenceid":"","paragraphreferenceid":"","entitytype":"repeatable","virtualannotationreference":"","elementid":"1054"},{"matchesvaluemap":{"outputtime":true,"valuemapid":"","simplevaluemap":"","matchingtype":"","advtransformationexpression":"","prependstring":"||","appendstring":"","nomatchdefault":"","outputdateformat":"dd-mmm-yyyy","ismapped":true},"alwaysafter":{"afterelementflag":false,"includemarkerflag":false,"afterelementid":"","aftermarkerstring":"","aftermarkerstringflag":false},"alwaysbefore":{"beforeelementflag":false,"includemarkerflag":false,"beforeelementid":"","beforemarkerstring":"","beforemarkerstringflag":false},"elementstatus":"0","matchingparentelement":[],"secondaryassociations":[],"_id":"61d8192dcfc74b451ea60842","elementtemplatestring":"txt","elementtype":"simple","elemententity":"products.doseInformations","elementname":"customProperty_batchNumber_value","absoluteposition":"","jsonkeyname":"Expiration Date:","dstoentityassociationtype":"onetoone","recordindex":"last record","datatype":"string","alwayspresent":false,"associationoperation":"Append to existing value","parententity":"products","level":"","rowcellreferenceid":"","paragraphreferenceid":"","entitytype":"repeatable","virtualannotationreference":"","elementid":"1057","elementorder":"57"},{"matchesvaluemap":{"outputtime":true,"valuemapid":"","simplevaluemap":"","matchingtype":"","advtransformationexpression":"","prependstring":"\\nAvailable For Return:","appendstring":"","nomatchdefault":"","outputdateformat":"","ismapped":true},"alwaysafter":{"afterelementflag":false,"includemarkerflag":false,"afterelementid":"","aftermarkerstring":"","aftermarkerstringflag":false},"alwaysbefore":{"beforeelementflag":false,"includemarkerflag":false,"beforeelementid":"","beforemarkerstring":"","beforemarkerstringflag":false},"elementstatus":"0","matchingparentelement":[],"secondaryassociations":[],"_id":"61d81a40cfc74b451ea60855","elementtemplatestring":"txt","elementtype":"simple","elemententity":"summary","elementname":"caseDescription","absoluteposition":"","jsonkeyname":"Available For Return:","dstoentityassociationtype":"onetoone","recordindex":"last record","datatype":"string","alwayspresent":false,"associationoperation":"Append to existing value","parententity":"admin","level":"","rowcellreferenceid":"","paragraphreferenceid":"","entitytype":"non-repeatable","virtualannotationreference":"","elementid":"1060","elementorder":"61"},{"matchesvaluemap":{"outputtime":true,"valuemapid":"","simplevaluemap":"","matchingtype":"","advtransformationexpression":"","prependstring":"\\nBatch Comments:","appendstring":"","nomatchdefault":"","outputdateformat":"","ismapped":true},"alwaysafter":{"afterelementflag":false,"includemarkerflag":false,"afterelementid":"","aftermarkerstring":"","aftermarkerstringflag":false},"alwaysbefore":{"beforeelementflag":false,"includemarkerflag":false,"beforeelementid":"","beforemarkerstring":"","beforemarkerstringflag":false},"elementstatus":"0","matchingparentelement":[],"secondaryassociations":[],"_id":"61d81a24cfc74b451ea60853","elementtemplatestring":"txt","elementtype":"simple","elemententity":"summary","elementname":"caseDescription","absoluteposition":"","jsonkeyname":"Batch Comments:","dstoentityassociationtype":"onetoone","recordindex":"last record","datatype":"string","alwayspresent":false,"associationoperation":"Append to existing value","parententity":"admin","level":"","rowcellreferenceid":"","paragraphreferenceid":"","entitytype":"non-repeatable","virtualannotationreference":"","elementid":"1061","elementorder":"61"}],"name":"Product_info","image":false,"freetext":false,"paragraph":false,"delimited":false,"imagetype":"","dstemplatestring":"Product Name: NOVOLIN N\n\nDosage Regimen: unknown\n\nStart / Stop Date:\n\nProduct Comments:\n\nAction Taken to Product: No Action Taken\nBatch Available: No\n\nBatch / Lot / Control Number:\n\nExpiration Date:\n\nAvailable For Return:\n\nBatch Comments:\n"},"matrixcoordinates":[""],"tablereferenceid":null,"annotationcontenttype":"normal-fullpage","annotationcontentlang":"English","annotationstatus":"0","xmlreferenceid":null,"csvreferenceid":null,"nestedtablereferenceid":null,"rowreferenceid":null,"cellreferenceid":null,"rowreferencelength":"1","cellreferencelength":"1","annotid":"10006","annotcoordinates":"588 , 3701 , 2355 , 906","annotationmatrix":false,"startpage":0,"afterreferencecoordinates":"","beforereferencecoordinates":"","afterreferencestring":"","beforereferencestring":"","isrepeatableannot":true,"annotationtype":"simple"},"_id":"61b6fb94f858ab0ea277ba49"}],"_id":"5fb62a7bdd8f8b069c8317e5","groupid":1}],"docxmetadata":null,"formsummary":{"_id":"61d80b66cfc74b451ea60757","pages":[{"pageheaderidentifier":[""],"pagefooteridentifier":[],"sectionheaders":[],"_id":"61d80b66cfc74b451ea60758","pageno":"0","pagetype":"simple","repeatablepage":"false","pageurl":"http://18.213.8.225:4466/56dd9918-6f9e-11ec-a761-12414bf81c8f_0.png"},{"pageheaderidentifier":[""],"pagefooteridentifier":[],"sectionheaders":[],"_id":"61d80b66cfc74b451ea60759","pageno":"1","pagetype":"simple","repeatablepage":"false","pageurl":"http://18.213.8.225:4466/56dd9918-6f9e-11ec-a761-12414bf81c8f_1.png"}],"continuationsheets":"","containscoversheets":"false","continuationpageheader":"","continuationpagefooter":""},"outputformat":"PVI_5.1","createdon":"2022-01-07T09:44:06.737Z"}