[
    {
        "AnnotID": "10001",
        "class": "Report ID",
        "value": {
            "Report ID:": "ece7f051-2f70-4a89-81e7-5a27b6db2fe7"
        }
    },
    {
        "AnnotID": "10002",
        "class": "Report Time",
        "value": {
            "Report Time:": "Mon Oct 26 15:57:36 UTC 2020"
        }
    },
    {
        "AnnotID": "10003",
        "class": "Reporter Information",
        "value": {
            "1. Are you a Health Care Professional?:": "Yes",
            "2. Your name:": "Betty Crocker",
            "3. Country of residence:": "USA"
        }
    },
    {
        "AnnotID": "10004",
        "class": "Information about the person who experienced the side effect",
        "value": {
            "4. Who experienced the side effects:": "Someone else",
            "5. Age at time of side effect (in years):": "8",
            "6. Biological gender:": "Male",
            "7. Country of residence:": "USA:nnipomsdev@novonordisk.com"
        }
    },
    {
        "AnnotID": "10006",
        "class": "Side effect description",
        "value": [
            {
                "15. Side effect:": "uncontrollable blood sugar",
                "16. Start date of the side effect:": "01 Oct 2020",
                "17: Stop date of the side effect:": "",
                "18. Please tick if the side effect has not stopped:": "Yes",
                "19. Please describe details of the side effect(s) experienced:": "patient's blood sugar wasnot controlled using these insulins and patient was admitted to the hospital"
            },
            {
                "15. Side effect:": "DKA",
                "16. Start date of the side effect:": "25 Oct 2020",
                "17: Stop date of the side effect:": "",
                "18. Please tick if the side effect has not stopped:": "Yes",
                "19. Please describe details of the side effect(s) experienced:": ""
            }
        ]
    },
    {
        "AnnotID": "10007",
        "class": "Consent and data privacy",
        "value": {
            "20. May Novo Nordisk contact you for further information, if needed?:": "Yes",
            "21. Telephone number:": "609-285-9561",
            "22. E-mail address:": "meds@novonordisk.com",
            "23. Please re-type the email:": "meds@novonordisk.com",
            "24. May Novo Nordisk contact your doctor for further information, if needed?:": "No25. Doctor\u2019s name:26. Doctor\u2019s telephone number:27. Doctor\u2019s e-mail address:"
        }
    },
    {
        "AnnotID": "10011",
        "class": "products license value",
        "value": [
            {
                "8. Name of product:": "Insulin Aspart Cartridge",
                "9. The product batch/LOT number:": "asd1357",
                "10. On which date did you start taking the product:": "01 Oct 2020",
                "11. On which date did you stop taking the product:": "25 Oct 2020",
                "12. Please tick if the product is still being taken:": "No1",
                "13. Product dosage:": "sliding scale daily",
                "14. Reason for taking the product:": "type 1 diabetes mellitus"
            },
            {
                "8. Name of product:": "NovoPen Echo",
                "9. The product batch/LOT number:": "fgh2468",
                "10. On which date did you start taking the product:": "01 Oct 2020",
                "11. On which date did you stop taking the product:": "25 Oct 2020",
                "12. Please tick if the product is still being taken:": "No",
                "13. Product dosage:": "sliding scale with Insulin Aspart cartridge",
                "14. Reason for taking the product:": "type 1 diabetes mellitus"
            },
            {
                "8. Name of product:": "Levemir FlexTouch",
                "9. The product batch/LOT number:": "jkl0987",
                "10. On which date did you start taking the product:": "01 Oct 2020",
                "11. On which date did you stop taking the product:": "25 Oct 2020",
                "12. Please tick if the product is still being taken:": "No",
                "13. Product dosage:": "10u at bedtime",
                "14. Reason for taking the product:": "type 1 diabetes mellitus"
            },
            {
                "8. Name of product:": "NovoFine Plus",
                "9. The product batch/LOT number:": "qwerty",
                "10. On which date did you start taking the product:": "01 Oct 2020",
                "11. On which date did you stop taking the product:": "25 Oct 2020",
                "12. Please tick if the product is still being taken:": "No",
                "13. Product dosage:": "daily use with Insulin Aspart cartridge with NovoPen Echo and LevemirFlexTouch",
                "14. Reason for taking the product:": "type 1 diabetes mellitus"
            }
        ]
    },
    {
        "AnnotID": "10013",
        "class": "event country",
        "value": {
            "4. Who experienced the side effects:": "Someone else",
            "5. Age at time of side effect (in years):": "8",
            "6. Biological gender:": "Male",
            "7. Country of residence:": "USA:nnipomsdev@novonordisk.com"
        }
    },
    {
        "AnnotID": "10014",
        "class": "product info",
        "value": [
            {
                "8. Name of product:": "Insulin Aspart Cartridge",
                "9. The product batch/LOT number:": "asd1357",
                "10. On which date did you start taking the product:": "01 Oct 2020",
                "11. On which date did you stop taking the product:": "25 Oct 2020",
                "12. Please tick if the product is still being taken:": "No1",
                "13. Product dosage:": "sliding scale daily",
                "14. Reason for taking the product:": "type 1 diabetes mellitus"
            },
            {
                "8. Name of product:": "NovoPen Echo",
                "9. The product batch/LOT number:": "fgh2468",
                "10. On which date did you start taking the product:": "01 Oct 2020",
                "11. On which date did you stop taking the product:": "25 Oct 2020",
                "12. Please tick if the product is still being taken:": "No",
                "13. Product dosage:": "sliding scale with Insulin Aspart cartridge",
                "14. Reason for taking the product:": "type 1 diabetes mellitus"
            },
            {
                "8. Name of product:": "Levemir FlexTouch",
                "9. The product batch/LOT number:": "jkl0987",
                "10. On which date did you start taking the product:": "01 Oct 2020",
                "11. On which date did you stop taking the product:": "25 Oct 2020",
                "12. Please tick if the product is still being taken:": "No",
                "13. Product dosage:": "10u at bedtime",
                "14. Reason for taking the product:": "type 1 diabetes mellitus"
            },
            {
                "8. Name of product:": "NovoFine Plus",
                "9. The product batch/LOT number:": "qwerty",
                "10. On which date did you start taking the product:": "01 Oct 2020",
                "11. On which date did you stop taking the product:": "25 Oct 2020",
                "12. Please tick if the product is still being taken:": "No",
                "13. Product dosage:": "daily use with Insulin Aspart cartridge with NovoPen Echo and LevemirFlexTouch",
                "14. Reason for taking the product:": "type 1 diabetes mellitus"
            }
        ]
    }
]