{
    "tables": [
        {
            "tableid": "null",
            "tablename": "null",
            "optional": "false",
            "headerrow": "false",
            "headertext": "null",
            "repeatable": "false",
            "datastartrow": "1",
            "texttomatch": {
                "rownum": "1",
                "cellnum": "1",
                "text": "null"
            },
            "rows": [
                {
                    "rowid": "null",
                    "rowoptional": "false",
                    "rowheader": "null",
                    "cells": [
                        {
                            "cellid": "null",
                            "celltype": "standard",
                            "cellheader": "null",
                            "celldata": "null",
                            "nestedtableid": [
                                {
                                    "value": "null"
                                }
                            ]
                        }
                    ]
                }
            ]
        }
    ]
}