{
  "aegis_id": null,
  "affiliate_date": null,
  "argus_id": null,
  "centralReceiptDate": null,
  "code": 5,
  "deathDetail": {
    "autopsyDone": null,
    "autopsyDone_acc": null,
    "autopsyResultsAvailable": null,
    "deathCauses": {
      "reportedReaction": null,
      "reportedReaction_acc": null
    },
    "deathDate": {
      "date": null,
      "date_acc": null
    }
  },
  "events": [
    {
      "continuing": null,
      "country": null,
      "endDate": null,
      "eventCategory": [
        {
          "value": null
        }
      ],
      "hospitalizationEndDate": null,
      "hospitalizationEndDate_acc": null,
      "hospitalizationStartDate": null,
      "hospitalizationStartDate_acc": null,
      "medicallyConfirmed": null,
      "outcome": null,
      "reactionCoded": null,
      "reportedReaction": null,
      "seq_num": 1,
      "seriousnesses": [
        {
          "value": null,
          "value_acc": 0.95
        }
      ],
      "startDate": null
    }
  ],
  "literatures": [
    {
      "author": null,
      "digitalObjectIdentifier": null,
      "journal": null,
      "pages": null,
      "title": null,
      "vol": null,
      "year": null
    }
  ],
  "message": "Form is recognized from the config file and parsed using module",
  "model_type": null,
  "module_name": null,
  "mostRecentReceiptDate": null,
  "mostRecentReceiptDate_acc": null,
  "parent": {
    "breastFeeding": null
  },
  "patient": {
    "age": {
      "ageType": "PATIENT_ON_SET_AGE",
      "inputValue": null,
      "inputValue_acc": null
    },
    "country": null,
    "gender": null,
    "gender_acc": null,
    "height": null,
    "heightUnit": null,
    "heightUnit_acc": null,
    "height_acc": null,
    "medicalHistories": [
      {
        "continuing": null,
        "endDate": null,
        "familyHistory": null,
        "historyConditionType": null,
        "historyNote": null,
        "reactionCoded": null,
        "reportedReaction": null,
        "startDate": null
      }
    ],
    "name": null,
    "name_acc": null,
    "pastDrugHistories": [
      {
        "continuing": null,
        "drugIndication": [
          {
            "reactionCoded": null,
            "reportedReaction": null
          }
        ],
        "drugName": null,
        "drugNameCoded": null,
        "drugReaction": [
          {
            "reactionCoded": null,
            "reportedReaction": null
          }
        ],
        "endDate": null,
        "historyConditionType": null,
        "historyNote": null,
        "startDate": null
      }
    ],
    "patientId": null,
    "patientId_acc": null,
    "pregnant": null,
    "race": null,
    "weight": null,
    "weightUnit": null,
    "weightUnit_acc": null,
    "weight_acc": null
  },
  "pregnancyInformation": {
    "dueDate": null,
    "gravida": null,
    "neonates": [
      {
        "apgarScores": [
          {
            "type": null,
            "score": null
          }
        ],
        "birthWeight": null,
        "deliveryType": null,
        "fetalOutcome": null,
        "gestAgeAtPregOutcome": null,
        "pregnancyNotes": null,
        "pregnancyOutcome": null,
        "pregnancyOutcomeDate": null
      }
    ],
    "noOfFetus": null,
    "para": null,
    "retrospectiveProspective": null
  },
  "productEventMatrix": [
    {
      "dechallenge": {
        "value": null,
        "value_acc": null
      },
      "event_seq_num": 1,
      "event_seq_num_acc": null,
      "product_seq_num": 1,
      "product_seq_num_acc": null,
      "rechallenge": {
        "value": null,
        "value_acc": null
      },
      "relatednessAssessments": [
        {
          "method": {
            "value": null,
            "value_acc": null
          },
          "result": {
            "value": null,
            "value_acc": null
          },
          "source": {
            "value": null,
            "value_acc": null
          }
        }
      ]
    }
  ],
  "products": [
    {
      "actionTaken": {
        "value": null,
        "value_acc": 0.95
      },
      "blinded": null,
      "concentration": [
        {
          "value": null,
          "unit": null
        }
      ],
      "dosageForm_value": null,
      "doseInformations": [
        {
          "continuing": null,
          "customProperty_batchNumber_value": null,
          "customProperty_expiryDate": null,
          "description": null,
          "dose_inputValue": null,
          "duration": null,
          "endDate": null,
          "frequency_value": null,
          "route_value": null,
          "startDate": null
        }
      ],
      "indications": [
        {
          "reactionCoded": null,
          "reportedReaction": null
        }
      ],
      "ingredients": [
        {
          "strength": null,
          "strength_acc": null,
          "unit": null,
          "unit_acc": null,
          "value": null,
          "value_acc": 0.95
        }
      ],
      "license_value": null,
      "regimen": null,
      "role_value": "suspect",
      "seq_num": 1,
      "studyProduct": null
    }
  ],
  "project": null,
  "receiptDate": null,
  "receiptDate_acc": null,
  "references": [
    {
      "referenceId": null,
      "referenceType": null
    }
  ],
  "relevantTests": null,
  "relevantTests_acc": null,
  "reporters": [
    {
      "Intermediary": null,
      "city": null,
      "city_acc": null,
      "consentForFU": null,
      "consentToDisclosePII": null,
      "contactType": null,
      "contactType_acc": null,
      "country": null,
      "country_acc": null,
      "department": null,
      "department_acc": null,
      "email": null,
      "email_acc": null,
      "fax": null,
      "firstName": null,
      "firstName_acc": null,
      "givenName": null,
      "givenName_acc": null,
      "healthAuthorityCaseNumber": null,
      "lastName": null,
      "lastName_acc": null,
      "middleName": null,
      "middleName_acc": null,
      "occupation": null,
      "occupation_acc": null,
      "organization": null,
      "organization_acc": null,
      "postcode": null,
      "postcode_acc": null,
      "primary": null,
      "qualification": null,
      "qualification_acc": null,
      "report_media": null,
      "state": null,
      "state_acc": null,
      "street": null,
      "street_acc": null,
      "telephone": null,
      "title": null,
      "title_acc": null
    }
  ],
  "senderCaseUid": null,
  "senderCaseUid_acc": null,
  "senderCaseVersion": null,
  "senderCaseVersion_acc": null,
  "seriousnesses": [
    {
      "value": null,
      "value_acc": 0.95
    }
  ],
  "sourceType": [
    {
      "value": null,
      "value_acc": 0.95
    }
  ],
  "study": {
    "centerNumber": null,
    "centerNumber_acc": 1,
    "studyArm": null,
    "studyNumber": null,
    "studyNumber_acc": null
  },
  "summary": {
    "additionalNotes": null,
    "adminNotes": null,
    "caseDescription": null,
    "caseDescription_acc": null,
    "reporterComments": null,
    "senderComments": null,
    "senderComments_acc": null
  },
  "tests": [
    {
      "seq_num": 1,
      "startDate": null,
      "testAssessment": null,
      "testHigh": null,
      "testLow": null,
      "testName": null,
      "testNotes": null,
      "testResult": null,
      "testResultUnit": null
    }
  ]
}