{
    "senderCaseUid": null,
    "senderCaseUid_acc": null,
    "senderCaseVersion": null,
    "senderCaseVersion_acc": null,
    "senderName": null,
    "argus_id": null,
    "aegis_id": null,
    "project": null,
    "affiliate_date": null,
    "summary": {
        "caseDescription": null,
        "caseDescription_acc": null,
        "senderComments": null,
        "senderComments_acc": null,
        "adminNotes": null
    },
    "relevantTests": null,
    "relevantTests_acc": null,
    "receiptDate": null,
    "receiptDate_acc": null,
    "mostRecentReceiptDate": null,
    "mostRecentReceiptDate_acc": null,
    "reporters": [
        {
            "country": null,
            "country_acc": null,
            "city": null,
            "city_acc": null,
            "givenName": null,
            "givenName_acc": null,
            "gender":null,
            "firstName": null,
            "firstName_acc": null,
            "middleName": null,
            "middleName_acc": null,
            "lastName": null,
            "lastName_acc": null,
            "postcode": null,
            "postcode_acc": null,
            "title": null,
            "title_acc": null,
            "street": null,
            "street_acc": null,
            "organization": null,
            "organization_acc": null,
            "occupation": null,
            "occupation_acc": null,
            "qualification": null,
            "qualification_acc": null,
            "state": null,
            "state_acc": null,
            "department": null,
            "department_acc": null,
            "email": null,
            "email_acc": null,
            "telephone": null,
            "report_media": null,
            "Intermediary": null,
            "healthAuthorityCaseNumber": null,
            "primary": null
        }
    ],
    "study": {
        "studyNumber": null,
        "studyNumber_acc": null,
        "centerNumber": null,
        "centerNumber_acc": 1
    },
    "patient": {
        "gender": null,
        "gender_acc": null,
        "patientId": null,
        "patientId_acc": null,
        "weight": null,
        "weight_acc": null,
        "weightUnit": null,
        "weightUnit_acc": null,
        "height": null,
        "height_acc": null,
        "heightUnit": null,
        "heightUnit_acc": null,
        "name": null,
        "name_acc": null,
        "race":null,
        "pregnant": null,
        "age": {
            "inputValue": null,
            "inputValue_acc": null,
            "ageType": "PATIENT_BIRTH_DATE"
        },
        "medicalHistories": [
            {
                "startDate": null,
                "endDate": null,
                "historyConditionType": null,
                "reportedReaction": null,
                "reactionCoded": null,
                "historyNote": null,
                "continuing": null,
                "familyHistory":null
            }
        ],
        "pastDrugHistories": [
            {
                "startDate": null,
                "endDate": null,
                "historyConditionType": null,
                "drugName": null,
                "drugNameCoded": null,
                "historyNote": null,
                "continuing": null,
                "drugIndication": [
                    {
                        "reportedReaction": null,
                        "reactionCoded": null
                    }
                ],
                "drugReaction": [
                    {
                        "reportedReaction": null,
                        "reactionCoded": ""
                    }
                ]
            }
        ]
    },
    "events": [
        {
            "seq_num": 1,
            "country": null,
            "reportedReaction": null,
            "reactionCoded": null,
            "startDate": null,
            "medicallyConfirmed": null,
            "seriousnesses": [
                {
                    "value": null,
                    "value_acc": 0.95
                }
            ],
            "endDate": null,
            "continuing": null,
            "outcome": null
        }
    ],
    "products": [
        {
            "seq_num": 1,
            "regimen": null,
            "license_value": null,
            "ingredients": [
                {
                    "value": null,
                    "value_acc": 0.95,
                    "strength": null,
                    "strength_acc": null,
                    "unit": null,
                    "unit_acc": null
                }
            ],
            "dosageForm_value": null,
            "indications": [
                {
                    "reportedReaction": null,
                    "reactionCoded": null
                }
            ],
            "concentration": [
                {
                    "value": null,
                    "unit": null
                }
            ],
            "role_value": null,
            "doseInformations": [
                {
                    "dose_inputValue": null,
                    "frequency_value": null,
                    "duration": null,
                    "route_value": null,
                    "startDate": null,
                    "endDate": null,
                    "description": null,
                    "customProperty_batchNumber_value": null,
                    "customProperty_expiryDate": null,
                    "continuing": null
                }
            ],
            "actionTaken": {
                "value": null,
                "value_acc": 0.95
            }
        }
    ],
    "productEventMatrix": [
        {
            "product_seq_num": 1,
            "product_seq_num_acc": null,
            "event_seq_num": 1,
            "event_seq_num_acc": null,
            "rechallenge": {
                "value": "Unk",
                "value_acc": null
            },
            "dechallenge": {
                "value": "Unk",
                "value_acc": null
            },
            "relatednessAssessments": [
                {
                    "result": {
                        "value": null,
                        "value_acc": null
                    }
                }
            ]
        }
    ],
    "seriousnesses": [
        {
            "value": null,
            "value_acc": 0.95
        }
    ],
    "sourceType": [
        {
            "value": null,
            "value_acc": 0.95
        }
    ],
    "deathDetail": {
        "deathDate": {
            "date": null,
            "date_acc": null
        },
        "autopsyDone": null,
        "autopsyDone_acc": null,
        "autopsyResultsAvailable": null,
        "deathCauses": {
            "reportedReaction": null,
            "reportedReaction_acc": null
        }
    },
    "tests": [
        {
            "seq_num": 1,
            "startDate": null,
            "testName": null,
            "testAssessment": null,
            "testNotes": null,
            "testResult": null,
            "testResultUnit": null,
            "testHigh": null,
            "testLow": null
        }
    ],
    "literatures": [
        {
            "author": null,
            "title": null,
            "journal": null,
            "vol": null,
            "year": null,
            "pages": null
        }
    ],
    "module_name": "mnk",
    "model_type": "mnk",
    "code": 5,
    "message": "Form is recognized from the config file and parsed using module"
}