{"tables": [{"tableid": "1", "tabletype": "fixed", "rowalignment": "regular", "rowsize": "", "rowseperator": "", "tablename": "null", "optional": "false", "headerrow": "3", "headertext": [{"headerrowtext": "Role Purpose The ideal candidate is an experienced developer, with full stack exposure in Agile/Scrum environments."}, {"headerrowtext": "Role Purpose Job Description"}, {"headerrowtext": "Participate in the product design and requirement specification \nWrite, optimize and troubleshoot both front end and back end code.  \nDesign visually compelling and highly usable interfaces and components \nParticipate in system validation and support customers in implementation of product Collaborate with subject matter expects and developers, to create a high-quality online experience \nUse tools like GIT\nThrive in a fast-paced, agile environment. Great attitude and the ability to handle change"}], "repeatable": "false", "datastartrow": "4", "texttomatch": {"rownum": "1", "cellnum": "1", "text": "Role Purpose"}, "rows": [{"rowid": "4", "rowoptional": "false", "rowheader": "null", "cells": [{"cellid": "1", "celltype": "standard", "cellheader": "null", "celldata": "BE/B.Tech/MCA from recognized institute with good academic score    \nMust have 3+ years Java programming experience.   \nMust have 2+ years\u2019 experience with SQL, PL/SQL programming (on Oracle, MySQL)   \nMust have 2+ years\u2019 experience with Spring & Hibernate.   \nGood to have 3+ years\u2019 experience with HTML5 & CSS3 (ideally using frameworks  like Bootstrap, jQuery  \nGood to have 2+ years\u2019 experience with Linux operating systems.   \nVery good verbal and written communication skills  \nMust have strong problem solving and troubleshooting skills  \nAbility to take initiative and handle multiple priorities  \nUnderstanding of web application security and best practices.  \nExperience supporting high quality web applications, browser performance analysis.\n", "nestedtableid": [{"value": "null"}]}]}]}]}