{"tables": [{"tableid": "1", "tabletype": "fixed", "rowalignment": "regular", "rowsize": "", "rowseperator": "", "tablename": "null", "optional": "false", "repeatable": "false", "texttomatch": {"text": "Adverse Event and other Safety Information\nMarket Research/Patient Support Program", "rownum": "1", "cellnum": "1"}, "headerrow": "0", "headertext": [{"headerrowtext": ""}], "datastartrow": "1", "rows": [{"rowid": "1", "rowoptional": "false", "rowheader": "null", "cells": [{"cellid": "1", "celltype": "standard", "cellheader": "null", "celldata": "Adverse Event and other Safety Information\nMarket Research/Patient Support Program", "nestedtableid": {"value": "null"}}]}, {"rowid": "2", "rowoptional": "false", "rowheader": "null", "cells": [{"cellid": "1", "celltype": "standard", "cellheader": "null", "celldata": "Program unique identifier (DBRowID):", "nestedtableid": {"value": "null"}}, {"cellid": "2", "celltype": "standard", "cellheader": "null", "celldata": "", "nestedtableid": {"value": "null"}}]}, {"rowid": "3", "rowoptional": "false", "rowheader": "null", "cells": [{"cellid": "1", "celltype": "standard", "cellheader": "null", "celldata": "Program title:", "nestedtableid": {"value": "null"}}, {"cellid": "2", "celltype": "standard", "cellheader": "null", "celldata": "", "nestedtableid": {"value": "null"}}]}, {"rowid": "4", "rowoptional": "false", "rowheader": "null", "cells": [{"cellid": "1", "celltype": "standard", "cellheader": "null", "celldata": "1. Details about the Adverse Event/other Safety Information\nNote: For off-label use where there are no Adverse Events, only volunteered information should be captured", "nestedtableid": {"value": "null"}}]}, {"rowid": "5", "rowoptional": "false", "rowheader": "null", "cells": [{"cellid": "1", "celltype": "standard", "cellheader": "null", "celldata": "Description. For example, diagnosis, if possible. What were the symptoms? How did it happen? ", "nestedtableid": {"value": "null"}}]}, {"rowid": "6", "rowoptional": "false", "rowheader": "null", "cells": [{"cellid": "1", "celltype": "standard", "cellheader": "null", "celldata": "", "nestedtableid": {"value": "null"}}]}, {"rowid": "7", "rowoptional": "false", "rowheader": "null", "cells": [{"cellid": "1", "celltype": "standard", "cellheader": "null", "celldata": "", "nestedtableid": {"value": "null"}}]}, {"rowid": "8", "rowoptional": "false", "rowheader": "null", "cells": [{"cellid": "1", "celltype": "standard", "cellheader": "null", "celldata": "", "nestedtableid": {"value": "null"}}]}, {"rowid": "9", "rowoptional": "false", "rowheader": "null", "cells": [{"cellid": "1", "celltype": "standard", "cellheader": "null", "celldata": "Start date of  Adverse Event/other Safety Information:    \n   \n________  -  ________  - _________      \n     DD               MMM              YYYY", "nestedtableid": {"value": "null"}}, {"cellid": "2", "celltype": "standard", "cellheader": "null", "celldata": "Severity of the Adverse Event? Tick the box that best describes the Adverse Event.\n Mild - did not affect everyday activities    Was admitted to hospital     \n Other:__________________________________________________", "nestedtableid": {"value": "null"}}]}, {"rowid": "10", "rowoptional": "false", "rowheader": "null", "cells": [{"cellid": "1", "celltype": "standard", "cellheader": "null", "celldata": "Outcome of the Adverse event/other Safety Information. Tick the box that best describes the outcome now.", "nestedtableid": {"value": "null"}}]}, {"rowid": "11", "rowoptional": "false", "rowheader": "null", "cells": [{"cellid": "1", "celltype": "standard", "cellheader": "null", "celldata": " Recovered (no more symptoms)\n Not recovered (no change in symptoms)", "nestedtableid": {"value": "null"}}, {"cellid": "2", "celltype": "standard", "cellheader": "null", "celldata": " Recovering (getting better, but still symptoms)\n Died                                                      Unknown", "nestedtableid": {"value": "null"}}]}, {"rowid": "12", "rowoptional": "false", "rowheader": "null", "cells": [{"cellid": "1", "celltype": "standard", "cellheader": "null", "celldata": "Did the person take or receive any treatment for the Adverse Event?                        Yes                 No\nIf yes, please specify:", "nestedtableid": {"value": "null"}}]}, {"rowid": "13", "rowoptional": "false", "rowheader": "null", "cells": [{"cellid": "1", "celltype": "standard", "cellheader": "null", "celldata": "", "nestedtableid": {"value": "null"}}]}, {"rowid": "14", "rowoptional": "false", "rowheader": "null", "cells": [{"cellid": "1", "celltype": "standard", "cellheader": "null", "celldata": "", "nestedtableid": {"value": "null"}}]}, {"rowid": "15", "rowoptional": "false", "rowheader": "null", "cells": [{"cellid": "1", "celltype": "standard", "cellheader": "null", "celldata": "2. About the patient who experienced  the Adverse Event/other Safety Information", "nestedtableid": {"value": "null"}}]}, {"rowid": "16", "rowoptional": "false", "rowheader": "null", "cells": [{"cellid": "1", "celltype": "standard", "cellheader": "null", "celldata": "Sex:     Male         Female", "nestedtableid": {"value": "null"}}, {"cellid": "2", "celltype": "standard", "cellheader": "null", "celldata": "Country:", "nestedtableid": {"value": "null"}}]}, {"rowid": "17", "rowoptional": "false", "rowheader": "null", "cells": [{"cellid": "1", "celltype": "standard", "cellheader": "null", "celldata": "Year of birth or age:_______________ \nOr\nAge group:    \n Infant     Child      Adolescent      Adult     Elderly", "nestedtableid": {"value": "null"}}, {"cellid": "2", "celltype": "standard", "cellheader": "null", "celldata": "Weight:___________    Kg          Lbs\n\n\nHeight:____________    meters    feet/inches", "nestedtableid": {"value": "null"}}]}, {"rowid": "18", "rowoptional": "false", "rowheader": "null", "cells": [{"cellid": "1", "celltype": "standard", "cellheader": "null", "celldata": "Any other relevant information? For example, does the patient have any relevant medical history?", "nestedtableid": {"value": "null"}}]}, {"rowid": "19", "rowoptional": "false", "rowheader": "null", "cells": [{"cellid": "1", "celltype": "standard", "cellheader": "null", "celldata": "", "nestedtableid": {"value": "null"}}]}, {"rowid": "20", "rowoptional": "false", "rowheader": "null", "cells": [{"cellid": "1", "celltype": "standard", "cellheader": "null", "celldata": "", "nestedtableid": {"value": "null"}}]}, {"rowid": "21", "rowoptional": "false", "rowheader": "null", "cells": [{"cellid": "1", "celltype": "standard", "cellheader": "null", "celldata": "", "nestedtableid": {"value": "null"}}]}, {"rowid": "22", "rowoptional": "false", "rowheader": "null", "cells": [{"cellid": "1", "celltype": "standard", "cellheader": "null", "celldata": "", "nestedtableid": {"value": "null"}}]}]}, {"tableid": "2", "tabletype": "fixed", "rowalignment": "regular", "rowsize": "", "rowseperator": "", "tablename": "null", "optional": "false", "repeatable": "false", "texttomatch": {"text": "\n3. Information about the product", "rownum": "1", "cellnum": "1"}, "headerrow": "0", "headertext": [{"headerrowtext": ""}], "datastartrow": "1", "rows": [{"rowid": "1", "rowoptional": "false", "rowheader": "null", "cells": [{"cellid": "1", "celltype": "standard", "cellheader": "null", "celldata": "\n3. Information about the product", "nestedtableid": {"value": "null"}}]}, {"rowid": "2", "rowoptional": "false", "rowheader": "null", "cells": [{"cellid": "1", "celltype": "standard", "cellheader": "null", "celldata": "Name of NOVO NORDISK product:\n", "nestedtableid": {"value": "null"}}, {"cellid": "2", "celltype": "standard", "cellheader": "null", "celldata": "What was the product taken for (indication)?", "nestedtableid": {"value": "null"}}]}, {"rowid": "3", "rowoptional": "false", "rowheader": "null", "cells": [{"cellid": "1", "celltype": "standard", "cellheader": "null", "celldata": "Dosage (for example, 10 units injected once daily): \n", "nestedtableid": {"value": "null"}}, {"cellid": "2", "celltype": "standard", "cellheader": "null", "celldata": "Lot/Batch no.:  ", "nestedtableid": {"value": "null"}}]}, {"rowid": "4", "rowoptional": "false", "rowheader": "null", "cells": [{"cellid": "1", "celltype": "standard", "cellheader": "null", "celldata": "Start date:         _____ -  _____ - _______      \n                              DD         MMM        YYYY\nStop date :          _____  -  _____  - _______      \n(if applicable)    DD        MMM         YYYY", "nestedtableid": {"value": "null"}}, {"cellid": "2", "celltype": "standard", "cellheader": "null", "celldata": "Was the product stopped because of Adverse Events?   Yes    No", "nestedtableid": {"value": "null"}}]}, {"rowid": "5", "rowoptional": "false", "rowheader": "null", "cells": [{"cellid": "1", "celltype": "standard", "cellheader": "null", "celldata": "Does the reporter think this product might have contributed to the Adverse Event?              \n Yes (Possible)   No (Unlikely)      Unknown (reporter does not know)       Not reported/not requested from reporter", "nestedtableid": {"value": "null"}}]}, {"rowid": "6", "rowoptional": "false", "rowheader": "null", "cells": [{"cellid": "1", "celltype": "standard", "cellheader": "null", "celldata": "Does the reporter think other products might have contributed to the Adverse Event?    \n Yes (possible)   No (Unlikely)       Unknown (reporter does not know)      Not reported/not requested from reporter\nIf yes, please specify product name: _________________________________________________________________________", "nestedtableid": {"value": "null"}}]}, {"rowid": "7", "rowoptional": "false", "rowheader": "null", "cells": [{"cellid": "1", "celltype": "standard", "cellheader": "null", "celldata": "4. Reporter details", "nestedtableid": {"value": "null"}}]}, {"rowid": "8", "rowoptional": "false", "rowheader": "null", "cells": [{"cellid": "1", "celltype": "standard", "cellheader": "null", "celldata": "If the reporter is the patient, does the patient grant permission to contact the patient\u2019s doctor?      Yes          No\n\nIf yes, please fill in doctor\u2019s name and address:\nName: ___________________________________ Address: ______________________________________________________\n", "nestedtableid": {"value": "null"}}]}, {"rowid": "9", "rowoptional": "false", "rowheader": "null", "cells": [{"cellid": "1", "celltype": "standard", "cellheader": "null", "celldata": "Does the reporter consent to disclose personal details?              Yes       No\n\nIf no, please only complete the \u2018Type of reporter\u2019: ", "nestedtableid": {"value": "null"}}]}, {"rowid": "10", "rowoptional": "false", "rowheader": "null", "cells": [{"cellid": "1", "celltype": "standard", "cellheader": "null", "celldata": "Name of reporter:", "nestedtableid": {"value": "null"}}, {"cellid": "2", "celltype": "standard", "cellheader": "null", "celldata": " ", "nestedtableid": {"value": "null"}}]}, {"rowid": "11", "rowoptional": "false", "rowheader": "null", "cells": [{"cellid": "1", "celltype": "standard", "cellheader": "null", "celldata": "Respondent ID (if applicable)", "nestedtableid": {"value": "null"}}, {"cellid": "2", "celltype": "standard", "cellheader": "null", "celldata": "", "nestedtableid": {"value": "null"}}]}, {"rowid": "12", "rowoptional": "false", "rowheader": "null", "cells": [{"cellid": "1", "celltype": "standard", "cellheader": "null", "celldata": "Address of reporter:", "nestedtableid": {"value": "null"}}, {"cellid": "2", "celltype": "standard", "cellheader": "null", "celldata": "", "nestedtableid": {"value": "null"}}]}, {"rowid": "13", "rowoptional": "false", "rowheader": "null", "cells": [{"cellid": "1", "celltype": "standard", "cellheader": "null", "celldata": "Preferred method of contact:", "nestedtableid": {"value": "null"}}, {"cellid": "2", "celltype": "standard", "cellheader": "null", "celldata": " Phone     E-mail ", "nestedtableid": {"value": "null"}}]}, {"rowid": "14", "rowoptional": "false", "rowheader": "null", "cells": [{"cellid": "1", "celltype": "standard", "cellheader": "null", "celldata": "Contact details of reporter: ", "nestedtableid": {"value": "null"}}, {"cellid": "2", "celltype": "standard", "cellheader": "null", "celldata": "", "nestedtableid": {"value": "null"}}]}, {"rowid": "15", "rowoptional": "false", "rowheader": "null", "cells": [{"cellid": "1", "celltype": "standard", "cellheader": "null", "celldata": "Type of reporter:\n Doctor        Nurse      Pharmacist        Patient        Other: ______________________________________________", "nestedtableid": {"value": "null"}}]}, {"rowid": "16", "rowoptional": "false", "rowheader": "null", "cells": [{"cellid": "1", "celltype": "standard", "cellheader": "null", "celldata": "5. SUPPLIER details (to be filled out by SUPPLIER agency)", "nestedtableid": {"value": "null"}}]}, {"rowid": "17", "rowoptional": "false", "rowheader": "null", "cells": [{"cellid": "1", "celltype": "standard", "cellheader": "null", "celldata": "Name of employee who prepared/received the report:", "nestedtableid": {"value": "null"}}]}, {"rowid": "18", "rowoptional": "false", "rowheader": "null", "cells": [{"cellid": "1", "celltype": "standard", "cellheader": "null", "celldata": "Date of receipt of the Adverse Event/Safety Information report:     _______ -  _______ - _______      \n                                                                                                                    DD           MMM           YYYY\n(This is the date the SUPPLIER first became aware/received the Adverse Event/Safety Information report)", "nestedtableid": {"value": "null"}}]}]}], "numberoftables": "2", "paragraphs": [{"paragraphid": "", "paragraphtext": ""}], "numberofparagraphs": ""}