{"numberoftables": "16", "tables": [{"tableid": "1", "numberofrows": "1", "rows": [{"rowid": "2", "numberofcells": "1", "cells": [{"cellid": "1", "nestedtableid": [{"value": "null"}]}]}]}, {"tableid": "2", "numberofrows": "1", "rows": [{"rowid": "2", "numberofcells": "1", "cells": [{"cellid": "1", "nestedtableid": [{"value": "null"}]}]}]}, {"tableid": "3", "numberofrows": "3", "rows": [{"rowid": "2", "numberofcells": "4", "cells": [{"cellid": "1", "nestedtableid": [{"value": "null"}]}, {"cellid": "2", "nestedtableid": [{"value": "null"}]}, {"cellid": "3", "nestedtableid": [{"value": "null"}]}, {"cellid": "4", "nestedtableid": [{"value": "null"}]}]}, {"rowid": "3", "numberofcells": "4", "cells": [{"cellid": "1", "nestedtableid": [{"value": "null"}]}, {"cellid": "2", "nestedtableid": [{"value": "null"}]}, {"cellid": "3", "nestedtableid": [{"value": "null"}]}, {"cellid": "4", "nestedtableid": [{"value": "null"}]}]}, {"rowid": "4", "numberofcells": "4", "cells": [{"cellid": "1", "nestedtableid": [{"value": "null"}]}, {"cellid": "2", "nestedtableid": [{"value": "null"}]}, {"cellid": "3", "nestedtableid": [{"value": "null"}]}, {"cellid": "4", "nestedtableid": [{"value": "null"}]}]}]}, {"tableid": "4", "numberofrows": "16", "rows": [{"rowid": "3", "numberofcells": "3", "cells": [{"cellid": "1", "nestedtableid": [{"value": "null"}]}, {"cellid": "2", "nestedtableid": [{"value": "null"}]}, {"cellid": "3", "nestedtableid": [{"value": "null"}]}]}, {"rowid": "4", "numberofcells": "3", "cells": [{"cellid": "1", "nestedtableid": [{"value": "null"}]}, {"cellid": "2", "nestedtableid": [{"value": "null"}]}, {"cellid": "3", "nestedtableid": [{"value": "null"}]}]}, {"rowid": "5", "numberofcells": "3", "cells": [{"cellid": "1", "nestedtableid": [{"value": "null"}]}, {"cellid": "2", "nestedtableid": [{"value": "null"}]}, {"cellid": "3", "nestedtableid": [{"value": "null"}]}]}, {"rowid": "6", "numberofcells": "3", "cells": [{"cellid": "1", "nestedtableid": [{"value": "null"}]}, {"cellid": "2", "nestedtableid": [{"value": "null"}]}, {"cellid": "3", "nestedtableid": [{"value": "null"}]}]}, {"rowid": "7", "numberofcells": "3", "cells": [{"cellid": "1", "nestedtableid": [{"value": "null"}]}, {"cellid": "2", "nestedtableid": [{"value": "null"}]}, {"cellid": "3", "nestedtableid": [{"value": "null"}]}]}, {"rowid": "8", "numberofcells": "3", "cells": [{"cellid": "1", "nestedtableid": [{"value": "null"}]}, {"cellid": "2", "nestedtableid": [{"value": "null"}]}, {"cellid": "3", "nestedtableid": [{"value": "null"}]}]}, {"rowid": "9", "numberofcells": "3", "cells": [{"cellid": "1", "nestedtableid": [{"value": "null"}]}, {"cellid": "2", "nestedtableid": [{"value": "null"}]}, {"cellid": "3", "nestedtableid": [{"value": "null"}]}]}, {"rowid": "10", "numberofcells": "3", "cells": [{"cellid": "1", "nestedtableid": [{"value": "null"}]}, {"cellid": "2", "nestedtableid": [{"value": "null"}]}, {"cellid": "3", "nestedtableid": [{"value": "null"}]}]}, {"rowid": "11", "numberofcells": "3", "cells": [{"cellid": "1", "nestedtableid": [{"value": "null"}]}, {"cellid": "2", "nestedtableid": [{"value": "null"}]}, {"cellid": "3", "nestedtableid": [{"value": "null"}]}]}, {"rowid": "12", "numberofcells": "3", "cells": [{"cellid": "1", "nestedtableid": [{"value": "null"}]}, {"cellid": "2", "nestedtableid": [{"value": "null"}]}, {"cellid": "3", "nestedtableid": [{"value": "null"}]}]}, {"rowid": "13", "numberofcells": "3", "cells": [{"cellid": "1", "nestedtableid": [{"value": "null"}]}, {"cellid": "2", "nestedtableid": [{"value": "null"}]}, {"cellid": "3", "nestedtableid": [{"value": "null"}]}]}, {"rowid": "14", "numberofcells": "3", "cells": [{"cellid": "1", "nestedtableid": [{"value": "null"}]}, {"cellid": "2", "nestedtableid": [{"value": "null"}]}, {"cellid": "3", "nestedtableid": [{"value": "null"}]}]}, {"rowid": "15", "numberofcells": "3", "cells": [{"cellid": "1", "nestedtableid": [{"value": "null"}]}, {"cellid": "2", "nestedtableid": [{"value": "null"}]}, {"cellid": "3", "nestedtableid": [{"value": "null"}]}]}, {"rowid": "16", "numberofcells": "3", "cells": [{"cellid": "1", "nestedtableid": [{"value": "null"}]}, {"cellid": "2", "nestedtableid": [{"value": "null"}]}, {"cellid": "3", "nestedtableid": [{"value": "null"}]}]}, {"rowid": "17", "numberofcells": "3", "cells": [{"cellid": "1", "nestedtableid": [{"value": "null"}]}, {"cellid": "2", "nestedtableid": [{"value": "null"}]}, {"cellid": "3", "nestedtableid": [{"value": "null"}]}]}, {"rowid": "18", "numberofcells": "3", "cells": [{"cellid": "1", "nestedtableid": [{"value": "null"}]}, {"cellid": "2", "nestedtableid": [{"value": "null"}]}, {"cellid": "3", "nestedtableid": [{"value": "null"}]}]}]}, {"tableid": "5", "numberofrows": "5", "rows": [{"rowid": "3", "numberofcells": "4", "cells": [{"cellid": "1", "nestedtableid": [{"value": "null"}]}, {"cellid": "2", "nestedtableid": [{"value": "null"}]}, {"cellid": "3", "nestedtableid": [{"value": "null"}]}, {"cellid": "4", "nestedtableid": [{"value": "null"}]}]}, {"rowid": "4", "numberofcells": "4", "cells": [{"cellid": "1", "nestedtableid": [{"value": "null"}]}, {"cellid": "2", "nestedtableid": [{"value": "null"}]}, {"cellid": "3", "nestedtableid": [{"value": "null"}]}, {"cellid": "4", "nestedtableid": [{"value": "null"}]}]}, {"rowid": "5", "numberofcells": "4", "cells": [{"cellid": "1", "nestedtableid": [{"value": "null"}]}, {"cellid": "2", "nestedtableid": [{"value": "null"}]}, {"cellid": "3", "nestedtableid": [{"value": "null"}]}, {"cellid": "4", "nestedtableid": [{"value": "null"}]}]}, {"rowid": "6", "numberofcells": "4", "cells": [{"cellid": "1", "nestedtableid": [{"value": "null"}]}, {"cellid": "2", "nestedtableid": [{"value": "null"}]}, {"cellid": "3", "nestedtableid": [{"value": "null"}]}, {"cellid": "4", "nestedtableid": [{"value": "null"}]}]}, {"rowid": "7", "numberofcells": "4", "cells": [{"cellid": "1", "nestedtableid": [{"value": "null"}]}, {"cellid": "2", "nestedtableid": [{"value": "null"}]}, {"cellid": "3", "nestedtableid": [{"value": "null"}]}, {"cellid": "4", "nestedtableid": [{"value": "null"}]}]}]}, {"tableid": "6", "numberofrows": "1", "rows": [{"rowid": "3", "numberofcells": "5", "cells": [{"cellid": "1", "nestedtableid": [{"value": "null"}]}, {"cellid": "2", "nestedtableid": [{"value": "null"}]}, {"cellid": "3", "nestedtableid": [{"value": "null"}]}, {"cellid": "4", "nestedtableid": [{"value": "null"}]}, {"cellid": "5", "nestedtableid": [{"value": "null"}]}]}]}, {"tableid": "7", "numberofrows": "2", "rows": [{"rowid": "2", "numberofcells": "1", "cells": [{"cellid": "1", "nestedtableid": [{"value": "null"}]}]}, {"rowid": "3", "numberofcells": "1", "cells": [{"cellid": "1", "nestedtableid": [{"value": "13"}, {"value": "14"}, {"value": "15"}, {"value": "16"}]}]}]}, {"tableid": "8", "numberofrows": "2", "rows": [{"rowid": "2", "numberofcells": "5", "cells": [{"cellid": "1", "nestedtableid": [{"value": "null"}]}, {"cellid": "2", "nestedtableid": [{"value": "null"}]}, {"cellid": "3", "nestedtableid": [{"value": "null"}]}, {"cellid": "4", "nestedtableid": [{"value": "null"}]}, {"cellid": "5", "nestedtableid": [{"value": "null"}]}]}, {"rowid": "3", "numberofcells": "5", "cells": [{"cellid": "1", "nestedtableid": [{"value": "null"}]}, {"cellid": "2", "nestedtableid": [{"value": "null"}]}, {"cellid": "3", "nestedtableid": [{"value": "null"}]}, {"cellid": "4", "nestedtableid": [{"value": "null"}]}, {"cellid": "5", "nestedtableid": [{"value": "null"}]}]}]}, {"tableid": "9", "numberofrows": "18", "rows": [{"rowid": "2", "numberofcells": "8", "cells": [{"cellid": "1", "nestedtableid": [{"value": "null"}]}, {"cellid": "2", "nestedtableid": [{"value": "null"}]}, {"cellid": "3", "nestedtableid": [{"value": "null"}]}, {"cellid": "4", "nestedtableid": [{"value": "null"}]}, {"cellid": "5", "nestedtableid": [{"value": "null"}]}, {"cellid": "6", "nestedtableid": [{"value": "null"}]}, {"cellid": "7", "nestedtableid": [{"value": "null"}]}, {"cellid": "8", "nestedtableid": [{"value": "null"}]}]}, {"rowid": "3", "numberofcells": "8", "cells": [{"cellid": "1", "nestedtableid": [{"value": "null"}]}, {"cellid": "2", "nestedtableid": [{"value": "null"}]}, {"cellid": "3", "nestedtableid": [{"value": "null"}]}, {"cellid": "4", "nestedtableid": [{"value": "null"}]}, {"cellid": "5", "nestedtableid": [{"value": "null"}]}, {"cellid": "6", "nestedtableid": [{"value": "null"}]}, {"cellid": "7", "nestedtableid": [{"value": "null"}]}, {"cellid": "8", "nestedtableid": [{"value": "null"}]}]}, {"rowid": "4", "numberofcells": "8", "cells": [{"cellid": "1", "nestedtableid": [{"value": "null"}]}, {"cellid": "2", "nestedtableid": [{"value": "null"}]}, {"cellid": "3", "nestedtableid": [{"value": "null"}]}, {"cellid": "4", "nestedtableid": [{"value": "null"}]}, {"cellid": "5", "nestedtableid": [{"value": "null"}]}, {"cellid": "6", "nestedtableid": [{"value": "null"}]}, {"cellid": "7", "nestedtableid": [{"value": "null"}]}, {"cellid": "8", "nestedtableid": [{"value": "null"}]}]}, {"rowid": "5", "numberofcells": "8", "cells": [{"cellid": "1", "nestedtableid": [{"value": "null"}]}, {"cellid": "2", "nestedtableid": [{"value": "null"}]}, {"cellid": "3", "nestedtableid": [{"value": "null"}]}, {"cellid": "4", "nestedtableid": [{"value": "null"}]}, {"cellid": "5", "nestedtableid": [{"value": "null"}]}, {"cellid": "6", "nestedtableid": [{"value": "null"}]}, {"cellid": "7", "nestedtableid": [{"value": "null"}]}, {"cellid": "8", "nestedtableid": [{"value": "null"}]}]}, {"rowid": "6", "numberofcells": "8", "cells": [{"cellid": "1", "nestedtableid": [{"value": "null"}]}, {"cellid": "2", "nestedtableid": [{"value": "null"}]}, {"cellid": "3", "nestedtableid": [{"value": "null"}]}, {"cellid": "4", "nestedtableid": [{"value": "null"}]}, {"cellid": "5", "nestedtableid": [{"value": "null"}]}, {"cellid": "6", "nestedtableid": [{"value": "null"}]}, {"cellid": "7", "nestedtableid": [{"value": "null"}]}, {"cellid": "8", "nestedtableid": [{"value": "null"}]}]}, {"rowid": "7", "numberofcells": "8", "cells": [{"cellid": "1", "nestedtableid": [{"value": "null"}]}, {"cellid": "2", "nestedtableid": [{"value": "null"}]}, {"cellid": "3", "nestedtableid": [{"value": "null"}]}, {"cellid": "4", "nestedtableid": [{"value": "null"}]}, {"cellid": "5", "nestedtableid": [{"value": "null"}]}, {"cellid": "6", "nestedtableid": [{"value": "null"}]}, {"cellid": "7", "nestedtableid": [{"value": "null"}]}, {"cellid": "8", "nestedtableid": [{"value": "null"}]}]}, {"rowid": "8", "numberofcells": "8", "cells": [{"cellid": "1", "nestedtableid": [{"value": "null"}]}, {"cellid": "2", "nestedtableid": [{"value": "null"}]}, {"cellid": "3", "nestedtableid": [{"value": "null"}]}, {"cellid": "4", "nestedtableid": [{"value": "null"}]}, {"cellid": "5", "nestedtableid": [{"value": "null"}]}, {"cellid": "6", "nestedtableid": [{"value": "null"}]}, {"cellid": "7", "nestedtableid": [{"value": "null"}]}, {"cellid": "8", "nestedtableid": [{"value": "null"}]}]}, {"rowid": "9", "numberofcells": "8", "cells": [{"cellid": "1", "nestedtableid": [{"value": "null"}]}, {"cellid": "2", "nestedtableid": [{"value": "null"}]}, {"cellid": "3", "nestedtableid": [{"value": "null"}]}, {"cellid": "4", "nestedtableid": [{"value": "null"}]}, {"cellid": "5", "nestedtableid": [{"value": "null"}]}, {"cellid": "6", "nestedtableid": [{"value": "null"}]}, {"cellid": "7", "nestedtableid": [{"value": "null"}]}, {"cellid": "8", "nestedtableid": [{"value": "null"}]}]}, {"rowid": "10", "numberofcells": "8", "cells": [{"cellid": "1", "nestedtableid": [{"value": "null"}]}, {"cellid": "2", "nestedtableid": [{"value": "null"}]}, {"cellid": "3", "nestedtableid": [{"value": "null"}]}, {"cellid": "4", "nestedtableid": [{"value": "null"}]}, {"cellid": "5", "nestedtableid": [{"value": "null"}]}, {"cellid": "6", "nestedtableid": [{"value": "null"}]}, {"cellid": "7", "nestedtableid": [{"value": "null"}]}, {"cellid": "8", "nestedtableid": [{"value": "null"}]}]}, {"rowid": "11", "numberofcells": "8", "cells": [{"cellid": "1", "nestedtableid": [{"value": "null"}]}, {"cellid": "2", "nestedtableid": [{"value": "null"}]}, {"cellid": "3", "nestedtableid": [{"value": "null"}]}, {"cellid": "4", "nestedtableid": [{"value": "null"}]}, {"cellid": "5", "nestedtableid": [{"value": "null"}]}, {"cellid": "6", "nestedtableid": [{"value": "null"}]}, {"cellid": "7", "nestedtableid": [{"value": "null"}]}, {"cellid": "8", "nestedtableid": [{"value": "null"}]}]}, {"rowid": "12", "numberofcells": "8", "cells": [{"cellid": "1", "nestedtableid": [{"value": "null"}]}, {"cellid": "2", "nestedtableid": [{"value": "null"}]}, {"cellid": "3", "nestedtableid": [{"value": "null"}]}, {"cellid": "4", "nestedtableid": [{"value": "null"}]}, {"cellid": "5", "nestedtableid": [{"value": "null"}]}, {"cellid": "6", "nestedtableid": [{"value": "null"}]}, {"cellid": "7", "nestedtableid": [{"value": "null"}]}, {"cellid": "8", "nestedtableid": [{"value": "null"}]}]}, {"rowid": "13", "numberofcells": "8", "cells": [{"cellid": "1", "nestedtableid": [{"value": "null"}]}, {"cellid": "2", "nestedtableid": [{"value": "null"}]}, {"cellid": "3", "nestedtableid": [{"value": "null"}]}, {"cellid": "4", "nestedtableid": [{"value": "null"}]}, {"cellid": "5", "nestedtableid": [{"value": "null"}]}, {"cellid": "6", "nestedtableid": [{"value": "null"}]}, {"cellid": "7", "nestedtableid": [{"value": "null"}]}, {"cellid": "8", "nestedtableid": [{"value": "null"}]}]}, {"rowid": "14", "numberofcells": "8", "cells": [{"cellid": "1", "nestedtableid": [{"value": "null"}]}, {"cellid": "2", "nestedtableid": [{"value": "null"}]}, {"cellid": "3", "nestedtableid": [{"value": "null"}]}, {"cellid": "4", "nestedtableid": [{"value": "null"}]}, {"cellid": "5", "nestedtableid": [{"value": "null"}]}, {"cellid": "6", "nestedtableid": [{"value": "null"}]}, {"cellid": "7", "nestedtableid": [{"value": "null"}]}, {"cellid": "8", "nestedtableid": [{"value": "null"}]}]}, {"rowid": "15", "numberofcells": "8", "cells": [{"cellid": "1", "nestedtableid": [{"value": "null"}]}, {"cellid": "2", "nestedtableid": [{"value": "null"}]}, {"cellid": "3", "nestedtableid": [{"value": "null"}]}, {"cellid": "4", "nestedtableid": [{"value": "null"}]}, {"cellid": "5", "nestedtableid": [{"value": "null"}]}, {"cellid": "6", "nestedtableid": [{"value": "null"}]}, {"cellid": "7", "nestedtableid": [{"value": "null"}]}, {"cellid": "8", "nestedtableid": [{"value": "null"}]}]}, {"rowid": "16", "numberofcells": "8", "cells": [{"cellid": "1", "nestedtableid": [{"value": "null"}]}, {"cellid": "2", "nestedtableid": [{"value": "null"}]}, {"cellid": "3", "nestedtableid": [{"value": "null"}]}, {"cellid": "4", "nestedtableid": [{"value": "null"}]}, {"cellid": "5", "nestedtableid": [{"value": "null"}]}, {"cellid": "6", "nestedtableid": [{"value": "null"}]}, {"cellid": "7", "nestedtableid": [{"value": "null"}]}, {"cellid": "8", "nestedtableid": [{"value": "null"}]}]}, {"rowid": "17", "numberofcells": "8", "cells": [{"cellid": "1", "nestedtableid": [{"value": "null"}]}, {"cellid": "2", "nestedtableid": [{"value": "null"}]}, {"cellid": "3", "nestedtableid": [{"value": "null"}]}, {"cellid": "4", "nestedtableid": [{"value": "null"}]}, {"cellid": "5", "nestedtableid": [{"value": "null"}]}, {"cellid": "6", "nestedtableid": [{"value": "null"}]}, {"cellid": "7", "nestedtableid": [{"value": "null"}]}, {"cellid": "8", "nestedtableid": [{"value": "null"}]}]}, {"rowid": "18", "numberofcells": "8", "cells": [{"cellid": "1", "nestedtableid": [{"value": "null"}]}, {"cellid": "2", "nestedtableid": [{"value": "null"}]}, {"cellid": "3", "nestedtableid": [{"value": "null"}]}, {"cellid": "4", "nestedtableid": [{"value": "null"}]}, {"cellid": "5", "nestedtableid": [{"value": "null"}]}, {"cellid": "6", "nestedtableid": [{"value": "null"}]}, {"cellid": "7", "nestedtableid": [{"value": "null"}]}, {"cellid": "8", "nestedtableid": [{"value": "null"}]}]}, {"rowid": "19", "numberofcells": "8", "cells": [{"cellid": "1", "nestedtableid": [{"value": "null"}]}, {"cellid": "2", "nestedtableid": [{"value": "null"}]}, {"cellid": "3", "nestedtableid": [{"value": "null"}]}, {"cellid": "4", "nestedtableid": [{"value": "null"}]}, {"cellid": "5", "nestedtableid": [{"value": "null"}]}, {"cellid": "6", "nestedtableid": [{"value": "null"}]}, {"cellid": "7", "nestedtableid": [{"value": "null"}]}, {"cellid": "8", "nestedtableid": [{"value": "null"}]}]}]}, {"tableid": "10", "numberofrows": "40", "rows": [{"rowid": "2", "numberofcells": "9", "cells": [{"cellid": "1", "nestedtableid": [{"value": "null"}]}, {"cellid": "2", "nestedtableid": [{"value": "null"}]}, {"cellid": "3", "nestedtableid": [{"value": "null"}]}, {"cellid": "4", "nestedtableid": [{"value": "null"}]}, {"cellid": "5", "nestedtableid": [{"value": "null"}]}, {"cellid": "6", "nestedtableid": [{"value": "null"}]}, {"cellid": "7", "nestedtableid": [{"value": "null"}]}, {"cellid": "10", "nestedtableid": [{"value": "null"}]}, {"cellid": "11", "nestedtableid": [{"value": "null"}]}]}, {"rowid": "3", "numberofcells": "11", "cells": [{"cellid": "1", "nestedtableid": [{"value": "null"}]}, {"cellid": "2", "nestedtableid": [{"value": "null"}]}, {"cellid": "3", "nestedtableid": [{"value": "null"}]}, {"cellid": "4", "nestedtableid": [{"value": "null"}]}, {"cellid": "5", "nestedtableid": [{"value": "null"}]}, {"cellid": "6", "nestedtableid": [{"value": "null"}]}, {"cellid": "7", "nestedtableid": [{"value": "null"}]}, {"cellid": "8", "nestedtableid": [{"value": "null"}]}, {"cellid": "9", "nestedtableid": [{"value": "null"}]}, {"cellid": "10", "nestedtableid": [{"value": "null"}]}, {"cellid": "11", "nestedtableid": [{"value": "null"}]}]}, {"rowid": "4", "numberofcells": "11", "cells": [{"cellid": "1", "nestedtableid": [{"value": "null"}]}, {"cellid": "2", "nestedtableid": [{"value": "null"}]}, {"cellid": "3", "nestedtableid": [{"value": "null"}]}, {"cellid": "4", "nestedtableid": [{"value": "null"}]}, {"cellid": "5", "nestedtableid": [{"value": "null"}]}, {"cellid": "6", "nestedtableid": [{"value": "null"}]}, {"cellid": "7", "nestedtableid": [{"value": "null"}]}, {"cellid": "8", "nestedtableid": [{"value": "null"}]}, {"cellid": "9", "nestedtableid": [{"value": "null"}]}, {"cellid": "10", "nestedtableid": [{"value": "null"}]}, {"cellid": "11", "nestedtableid": [{"value": "null"}]}]}, {"rowid": "5", "numberofcells": "11", "cells": [{"cellid": "1", "nestedtableid": [{"value": "null"}]}, {"cellid": "2", "nestedtableid": [{"value": "null"}]}, {"cellid": "3", "nestedtableid": [{"value": "null"}]}, {"cellid": "4", "nestedtableid": [{"value": "null"}]}, {"cellid": "5", "nestedtableid": [{"value": "null"}]}, {"cellid": "6", "nestedtableid": [{"value": "null"}]}, {"cellid": "7", "nestedtableid": [{"value": "null"}]}, {"cellid": "8", "nestedtableid": [{"value": "null"}]}, {"cellid": "9", "nestedtableid": [{"value": "null"}]}, {"cellid": "10", "nestedtableid": [{"value": "null"}]}, {"cellid": "11", "nestedtableid": [{"value": "null"}]}]}, {"rowid": "6", "numberofcells": "11", "cells": [{"cellid": "1", "nestedtableid": [{"value": "null"}]}, {"cellid": "2", "nestedtableid": [{"value": "null"}]}, {"cellid": "3", "nestedtableid": [{"value": "null"}]}, {"cellid": "4", "nestedtableid": [{"value": "null"}]}, {"cellid": "5", "nestedtableid": [{"value": "null"}]}, {"cellid": "6", "nestedtableid": [{"value": "null"}]}, {"cellid": "7", "nestedtableid": [{"value": "null"}]}, {"cellid": "8", "nestedtableid": [{"value": "null"}]}, {"cellid": "9", "nestedtableid": [{"value": "null"}]}, {"cellid": "10", "nestedtableid": [{"value": "null"}]}, {"cellid": "11", "nestedtableid": [{"value": "null"}]}]}, {"rowid": "7", "numberofcells": "11", "cells": [{"cellid": "1", "nestedtableid": [{"value": "null"}]}, {"cellid": "2", "nestedtableid": [{"value": "null"}]}, {"cellid": "3", "nestedtableid": [{"value": "null"}]}, {"cellid": "4", "nestedtableid": [{"value": "null"}]}, {"cellid": "5", "nestedtableid": [{"value": "null"}]}, {"cellid": "6", "nestedtableid": [{"value": "null"}]}, {"cellid": "7", "nestedtableid": [{"value": "null"}]}, {"cellid": "8", "nestedtableid": [{"value": "null"}]}, {"cellid": "9", "nestedtableid": [{"value": "null"}]}, {"cellid": "10", "nestedtableid": [{"value": "null"}]}, {"cellid": "11", "nestedtableid": [{"value": "null"}]}]}, {"rowid": "8", "numberofcells": "11", "cells": [{"cellid": "1", "nestedtableid": [{"value": "null"}]}, {"cellid": "2", "nestedtableid": [{"value": "null"}]}, {"cellid": "3", "nestedtableid": [{"value": "null"}]}, {"cellid": "4", "nestedtableid": [{"value": "null"}]}, {"cellid": "5", "nestedtableid": [{"value": "null"}]}, {"cellid": "6", "nestedtableid": [{"value": "null"}]}, {"cellid": "7", "nestedtableid": [{"value": "null"}]}, {"cellid": "8", "nestedtableid": [{"value": "null"}]}, {"cellid": "9", "nestedtableid": [{"value": "null"}]}, {"cellid": "10", "nestedtableid": [{"value": "null"}]}, {"cellid": "11", "nestedtableid": [{"value": "null"}]}]}, {"rowid": "9", "numberofcells": "11", "cells": [{"cellid": "1", "nestedtableid": [{"value": "null"}]}, {"cellid": "2", "nestedtableid": [{"value": "null"}]}, {"cellid": "3", "nestedtableid": [{"value": "null"}]}, {"cellid": "4", "nestedtableid": [{"value": "null"}]}, {"cellid": "5", "nestedtableid": [{"value": "null"}]}, {"cellid": "6", "nestedtableid": [{"value": "null"}]}, {"cellid": "7", "nestedtableid": [{"value": "null"}]}, {"cellid": "8", "nestedtableid": [{"value": "null"}]}, {"cellid": "9", "nestedtableid": [{"value": "null"}]}, {"cellid": "10", "nestedtableid": [{"value": "null"}]}, {"cellid": "11", "nestedtableid": [{"value": "null"}]}]}, {"rowid": "10", "numberofcells": "11", "cells": [{"cellid": "1", "nestedtableid": [{"value": "null"}]}, {"cellid": "2", "nestedtableid": [{"value": "null"}]}, {"cellid": "3", "nestedtableid": [{"value": "null"}]}, {"cellid": "4", "nestedtableid": [{"value": "null"}]}, {"cellid": "5", "nestedtableid": [{"value": "null"}]}, {"cellid": "6", "nestedtableid": [{"value": "null"}]}, {"cellid": "7", "nestedtableid": [{"value": "null"}]}, {"cellid": "8", "nestedtableid": [{"value": "null"}]}, {"cellid": "9", "nestedtableid": [{"value": "null"}]}, {"cellid": "10", "nestedtableid": [{"value": "null"}]}, {"cellid": "11", "nestedtableid": [{"value": "null"}]}]}, {"rowid": "11", "numberofcells": "11", "cells": [{"cellid": "1", "nestedtableid": [{"value": "null"}]}, {"cellid": "2", "nestedtableid": [{"value": "null"}]}, {"cellid": "3", "nestedtableid": [{"value": "null"}]}, {"cellid": "4", "nestedtableid": [{"value": "null"}]}, {"cellid": "5", "nestedtableid": [{"value": "null"}]}, {"cellid": "6", "nestedtableid": [{"value": "null"}]}, {"cellid": "7", "nestedtableid": [{"value": "null"}]}, {"cellid": "8", "nestedtableid": [{"value": "null"}]}, {"cellid": "9", "nestedtableid": [{"value": "null"}]}, {"cellid": "10", "nestedtableid": [{"value": "null"}]}, {"cellid": "11", "nestedtableid": [{"value": "null"}]}]}, {"rowid": "12", "numberofcells": "11", "cells": [{"cellid": "1", "nestedtableid": [{"value": "null"}]}, {"cellid": "2", "nestedtableid": [{"value": "null"}]}, {"cellid": "3", "nestedtableid": [{"value": "null"}]}, {"cellid": "4", "nestedtableid": [{"value": "null"}]}, {"cellid": "5", "nestedtableid": [{"value": "null"}]}, {"cellid": "6", "nestedtableid": [{"value": "null"}]}, {"cellid": "7", "nestedtableid": [{"value": "null"}]}, {"cellid": "8", "nestedtableid": [{"value": "null"}]}, {"cellid": "9", "nestedtableid": [{"value": "null"}]}, {"cellid": "10", "nestedtableid": [{"value": "null"}]}, {"cellid": "11", "nestedtableid": [{"value": "null"}]}]}, {"rowid": "13", "numberofcells": "11", "cells": [{"cellid": "1", "nestedtableid": [{"value": "null"}]}, {"cellid": "2", "nestedtableid": [{"value": "null"}]}, {"cellid": "3", "nestedtableid": [{"value": "null"}]}, {"cellid": "4", "nestedtableid": [{"value": "null"}]}, {"cellid": "5", "nestedtableid": [{"value": "null"}]}, {"cellid": "6", "nestedtableid": [{"value": "null"}]}, {"cellid": "7", "nestedtableid": [{"value": "null"}]}, {"cellid": "8", "nestedtableid": [{"value": "null"}]}, {"cellid": "9", "nestedtableid": [{"value": "null"}]}, {"cellid": "10", "nestedtableid": [{"value": "null"}]}, {"cellid": "11", "nestedtableid": [{"value": "null"}]}]}, {"rowid": "14", "numberofcells": "11", "cells": [{"cellid": "1", "nestedtableid": [{"value": "null"}]}, {"cellid": "2", "nestedtableid": [{"value": "null"}]}, {"cellid": "3", "nestedtableid": [{"value": "null"}]}, {"cellid": "4", "nestedtableid": [{"value": "null"}]}, {"cellid": "5", "nestedtableid": [{"value": "null"}]}, {"cellid": "6", "nestedtableid": [{"value": "null"}]}, {"cellid": "7", "nestedtableid": [{"value": "null"}]}, {"cellid": "8", "nestedtableid": [{"value": "null"}]}, {"cellid": "9", "nestedtableid": [{"value": "null"}]}, {"cellid": "10", "nestedtableid": [{"value": "null"}]}, {"cellid": "11", "nestedtableid": [{"value": "null"}]}]}, {"rowid": "15", "numberofcells": "11", "cells": [{"cellid": "1", "nestedtableid": [{"value": "null"}]}, {"cellid": "2", "nestedtableid": [{"value": "null"}]}, {"cellid": "3", "nestedtableid": [{"value": "null"}]}, {"cellid": "4", "nestedtableid": [{"value": "null"}]}, {"cellid": "5", "nestedtableid": [{"value": "null"}]}, {"cellid": "6", "nestedtableid": [{"value": "null"}]}, {"cellid": "7", "nestedtableid": [{"value": "null"}]}, {"cellid": "8", "nestedtableid": [{"value": "null"}]}, {"cellid": "9", "nestedtableid": [{"value": "null"}]}, {"cellid": "10", "nestedtableid": [{"value": "null"}]}, {"cellid": "11", "nestedtableid": [{"value": "null"}]}]}, {"rowid": "16", "numberofcells": "11", "cells": [{"cellid": "1", "nestedtableid": [{"value": "null"}]}, {"cellid": "2", "nestedtableid": [{"value": "null"}]}, {"cellid": "3", "nestedtableid": [{"value": "null"}]}, {"cellid": "4", "nestedtableid": [{"value": "null"}]}, {"cellid": "5", "nestedtableid": [{"value": "null"}]}, {"cellid": "6", "nestedtableid": [{"value": "null"}]}, {"cellid": "7", "nestedtableid": [{"value": "null"}]}, {"cellid": "8", "nestedtableid": [{"value": "null"}]}, {"cellid": "9", "nestedtableid": [{"value": "null"}]}, {"cellid": "10", "nestedtableid": [{"value": "null"}]}, {"cellid": "11", "nestedtableid": [{"value": "null"}]}]}, {"rowid": "17", "numberofcells": "11", "cells": [{"cellid": "1", "nestedtableid": [{"value": "null"}]}, {"cellid": "2", "nestedtableid": [{"value": "null"}]}, {"cellid": "3", "nestedtableid": [{"value": "null"}]}, {"cellid": "4", "nestedtableid": [{"value": "null"}]}, {"cellid": "5", "nestedtableid": [{"value": "null"}]}, {"cellid": "6", "nestedtableid": [{"value": "null"}]}, {"cellid": "7", "nestedtableid": [{"value": "null"}]}, {"cellid": "8", "nestedtableid": [{"value": "null"}]}, {"cellid": "9", "nestedtableid": [{"value": "null"}]}, {"cellid": "10", "nestedtableid": [{"value": "null"}]}, {"cellid": "11", "nestedtableid": [{"value": "null"}]}]}, {"rowid": "18", "numberofcells": "11", "cells": [{"cellid": "1", "nestedtableid": [{"value": "null"}]}, {"cellid": "2", "nestedtableid": [{"value": "null"}]}, {"cellid": "3", "nestedtableid": [{"value": "null"}]}, {"cellid": "4", "nestedtableid": [{"value": "null"}]}, {"cellid": "5", "nestedtableid": [{"value": "null"}]}, {"cellid": "6", "nestedtableid": [{"value": "null"}]}, {"cellid": "7", "nestedtableid": [{"value": "null"}]}, {"cellid": "8", "nestedtableid": [{"value": "null"}]}, {"cellid": "9", "nestedtableid": [{"value": "null"}]}, {"cellid": "10", "nestedtableid": [{"value": "null"}]}, {"cellid": "11", "nestedtableid": [{"value": "null"}]}]}, {"rowid": "19", "numberofcells": "11", "cells": [{"cellid": "1", "nestedtableid": [{"value": "null"}]}, {"cellid": "2", "nestedtableid": [{"value": "null"}]}, {"cellid": "3", "nestedtableid": [{"value": "null"}]}, {"cellid": "4", "nestedtableid": [{"value": "null"}]}, {"cellid": "5", "nestedtableid": [{"value": "null"}]}, {"cellid": "6", "nestedtableid": [{"value": "null"}]}, {"cellid": "7", "nestedtableid": [{"value": "null"}]}, {"cellid": "8", "nestedtableid": [{"value": "null"}]}, {"cellid": "9", "nestedtableid": [{"value": "null"}]}, {"cellid": "10", "nestedtableid": [{"value": "null"}]}, {"cellid": "11", "nestedtableid": [{"value": "null"}]}]}, {"rowid": "20", "numberofcells": "11", "cells": [{"cellid": "1", "nestedtableid": [{"value": "null"}]}, {"cellid": "2", "nestedtableid": [{"value": "null"}]}, {"cellid": "3", "nestedtableid": [{"value": "null"}]}, {"cellid": "4", "nestedtableid": [{"value": "null"}]}, {"cellid": "5", "nestedtableid": [{"value": "null"}]}, {"cellid": "6", "nestedtableid": [{"value": "null"}]}, {"cellid": "7", "nestedtableid": [{"value": "null"}]}, {"cellid": "8", "nestedtableid": [{"value": "null"}]}, {"cellid": "9", "nestedtableid": [{"value": "null"}]}, {"cellid": "10", "nestedtableid": [{"value": "null"}]}, {"cellid": "11", "nestedtableid": [{"value": "null"}]}]}, {"rowid": "21", "numberofcells": "11", "cells": [{"cellid": "1", "nestedtableid": [{"value": "null"}]}, {"cellid": "2", "nestedtableid": [{"value": "null"}]}, {"cellid": "3", "nestedtableid": [{"value": "null"}]}, {"cellid": "4", "nestedtableid": [{"value": "null"}]}, {"cellid": "5", "nestedtableid": [{"value": "null"}]}, {"cellid": "6", "nestedtableid": [{"value": "null"}]}, {"cellid": "7", "nestedtableid": [{"value": "null"}]}, {"cellid": "8", "nestedtableid": [{"value": "null"}]}, {"cellid": "9", "nestedtableid": [{"value": "null"}]}, {"cellid": "10", "nestedtableid": [{"value": "null"}]}, {"cellid": "11", "nestedtableid": [{"value": "null"}]}]}, {"rowid": "22", "numberofcells": "11", "cells": [{"cellid": "1", "nestedtableid": [{"value": "null"}]}, {"cellid": "2", "nestedtableid": [{"value": "null"}]}, {"cellid": "3", "nestedtableid": [{"value": "null"}]}, {"cellid": "4", "nestedtableid": [{"value": "null"}]}, {"cellid": "5", "nestedtableid": [{"value": "null"}]}, {"cellid": "6", "nestedtableid": [{"value": "null"}]}, {"cellid": "7", "nestedtableid": [{"value": "null"}]}, {"cellid": "8", "nestedtableid": [{"value": "null"}]}, {"cellid": "9", "nestedtableid": [{"value": "null"}]}, {"cellid": "10", "nestedtableid": [{"value": "null"}]}, {"cellid": "11", "nestedtableid": [{"value": "null"}]}]}, {"rowid": "23", "numberofcells": "11", "cells": [{"cellid": "1", "nestedtableid": [{"value": "null"}]}, {"cellid": "2", "nestedtableid": [{"value": "null"}]}, {"cellid": "3", "nestedtableid": [{"value": "null"}]}, {"cellid": "4", "nestedtableid": [{"value": "null"}]}, {"cellid": "5", "nestedtableid": [{"value": "null"}]}, {"cellid": "6", "nestedtableid": [{"value": "null"}]}, {"cellid": "7", "nestedtableid": [{"value": "null"}]}, {"cellid": "8", "nestedtableid": [{"value": "null"}]}, {"cellid": "9", "nestedtableid": [{"value": "null"}]}, {"cellid": "10", "nestedtableid": [{"value": "null"}]}, {"cellid": "11", "nestedtableid": [{"value": "null"}]}]}, {"rowid": "24", "numberofcells": "11", "cells": [{"cellid": "1", "nestedtableid": [{"value": "null"}]}, {"cellid": "2", "nestedtableid": [{"value": "null"}]}, {"cellid": "3", "nestedtableid": [{"value": "null"}]}, {"cellid": "4", "nestedtableid": [{"value": "null"}]}, {"cellid": "5", "nestedtableid": [{"value": "null"}]}, {"cellid": "6", "nestedtableid": [{"value": "null"}]}, {"cellid": "7", "nestedtableid": [{"value": "null"}]}, {"cellid": "8", "nestedtableid": [{"value": "null"}]}, {"cellid": "9", "nestedtableid": [{"value": "null"}]}, {"cellid": "10", "nestedtableid": [{"value": "null"}]}, {"cellid": "11", "nestedtableid": [{"value": "null"}]}]}, {"rowid": "25", "numberofcells": "11", "cells": [{"cellid": "1", "nestedtableid": [{"value": "null"}]}, {"cellid": "2", "nestedtableid": [{"value": "null"}]}, {"cellid": "3", "nestedtableid": [{"value": "null"}]}, {"cellid": "4", "nestedtableid": [{"value": "null"}]}, {"cellid": "5", "nestedtableid": [{"value": "null"}]}, {"cellid": "6", "nestedtableid": [{"value": "null"}]}, {"cellid": "7", "nestedtableid": [{"value": "null"}]}, {"cellid": "8", "nestedtableid": [{"value": "null"}]}, {"cellid": "9", "nestedtableid": [{"value": "null"}]}, {"cellid": "10", "nestedtableid": [{"value": "null"}]}, {"cellid": "11", "nestedtableid": [{"value": "null"}]}]}, {"rowid": "26", "numberofcells": "11", "cells": [{"cellid": "1", "nestedtableid": [{"value": "null"}]}, {"cellid": "2", "nestedtableid": [{"value": "null"}]}, {"cellid": "3", "nestedtableid": [{"value": "null"}]}, {"cellid": "4", "nestedtableid": [{"value": "null"}]}, {"cellid": "5", "nestedtableid": [{"value": "null"}]}, {"cellid": "6", "nestedtableid": [{"value": "null"}]}, {"cellid": "7", "nestedtableid": [{"value": "null"}]}, {"cellid": "8", "nestedtableid": [{"value": "null"}]}, {"cellid": "9", "nestedtableid": [{"value": "null"}]}, {"cellid": "10", "nestedtableid": [{"value": "null"}]}, {"cellid": "11", "nestedtableid": [{"value": "null"}]}]}, {"rowid": "27", "numberofcells": "11", "cells": [{"cellid": "1", "nestedtableid": [{"value": "null"}]}, {"cellid": "2", "nestedtableid": [{"value": "null"}]}, {"cellid": "3", "nestedtableid": [{"value": "null"}]}, {"cellid": "4", "nestedtableid": [{"value": "null"}]}, {"cellid": "5", "nestedtableid": [{"value": "null"}]}, {"cellid": "6", "nestedtableid": [{"value": "null"}]}, {"cellid": "7", "nestedtableid": [{"value": "null"}]}, {"cellid": "8", "nestedtableid": [{"value": "null"}]}, {"cellid": "9", "nestedtableid": [{"value": "null"}]}, {"cellid": "10", "nestedtableid": [{"value": "null"}]}, {"cellid": "11", "nestedtableid": [{"value": "null"}]}]}, {"rowid": "28", "numberofcells": "11", "cells": [{"cellid": "1", "nestedtableid": [{"value": "null"}]}, {"cellid": "2", "nestedtableid": [{"value": "null"}]}, {"cellid": "3", "nestedtableid": [{"value": "null"}]}, {"cellid": "4", "nestedtableid": [{"value": "null"}]}, {"cellid": "5", "nestedtableid": [{"value": "null"}]}, {"cellid": "6", "nestedtableid": [{"value": "null"}]}, {"cellid": "7", "nestedtableid": [{"value": "null"}]}, {"cellid": "8", "nestedtableid": [{"value": "null"}]}, {"cellid": "9", "nestedtableid": [{"value": "null"}]}, {"cellid": "10", "nestedtableid": [{"value": "null"}]}, {"cellid": "11", "nestedtableid": [{"value": "null"}]}]}, {"rowid": "29", "numberofcells": "11", "cells": [{"cellid": "1", "nestedtableid": [{"value": "null"}]}, {"cellid": "2", "nestedtableid": [{"value": "null"}]}, {"cellid": "3", "nestedtableid": [{"value": "null"}]}, {"cellid": "4", "nestedtableid": [{"value": "null"}]}, {"cellid": "5", "nestedtableid": [{"value": "null"}]}, {"cellid": "6", "nestedtableid": [{"value": "null"}]}, {"cellid": "7", "nestedtableid": [{"value": "null"}]}, {"cellid": "8", "nestedtableid": [{"value": "null"}]}, {"cellid": "9", "nestedtableid": [{"value": "null"}]}, {"cellid": "10", "nestedtableid": [{"value": "null"}]}, {"cellid": "11", "nestedtableid": [{"value": "null"}]}]}, {"rowid": "30", "numberofcells": "11", "cells": [{"cellid": "1", "nestedtableid": [{"value": "null"}]}, {"cellid": "2", "nestedtableid": [{"value": "null"}]}, {"cellid": "3", "nestedtableid": [{"value": "null"}]}, {"cellid": "4", "nestedtableid": [{"value": "null"}]}, {"cellid": "5", "nestedtableid": [{"value": "null"}]}, {"cellid": "6", "nestedtableid": [{"value": "null"}]}, {"cellid": "7", "nestedtableid": [{"value": "null"}]}, {"cellid": "8", "nestedtableid": [{"value": "null"}]}, {"cellid": "9", "nestedtableid": [{"value": "null"}]}, {"cellid": "10", "nestedtableid": [{"value": "null"}]}, {"cellid": "11", "nestedtableid": [{"value": "null"}]}]}, {"rowid": "31", "numberofcells": "11", "cells": [{"cellid": "1", "nestedtableid": [{"value": "null"}]}, {"cellid": "2", "nestedtableid": [{"value": "null"}]}, {"cellid": "3", "nestedtableid": [{"value": "null"}]}, {"cellid": "4", "nestedtableid": [{"value": "null"}]}, {"cellid": "5", "nestedtableid": [{"value": "null"}]}, {"cellid": "6", "nestedtableid": [{"value": "null"}]}, {"cellid": "7", "nestedtableid": [{"value": "null"}]}, {"cellid": "8", "nestedtableid": [{"value": "null"}]}, {"cellid": "9", "nestedtableid": [{"value": "null"}]}, {"cellid": "10", "nestedtableid": [{"value": "null"}]}, {"cellid": "11", "nestedtableid": [{"value": "null"}]}]}, {"rowid": "32", "numberofcells": "11", "cells": [{"cellid": "1", "nestedtableid": [{"value": "null"}]}, {"cellid": "2", "nestedtableid": [{"value": "null"}]}, {"cellid": "3", "nestedtableid": [{"value": "null"}]}, {"cellid": "4", "nestedtableid": [{"value": "null"}]}, {"cellid": "5", "nestedtableid": [{"value": "null"}]}, {"cellid": "6", "nestedtableid": [{"value": "null"}]}, {"cellid": "7", "nestedtableid": [{"value": "null"}]}, {"cellid": "8", "nestedtableid": [{"value": "null"}]}, {"cellid": "9", "nestedtableid": [{"value": "null"}]}, {"cellid": "10", "nestedtableid": [{"value": "null"}]}, {"cellid": "11", "nestedtableid": [{"value": "null"}]}]}, {"rowid": "33", "numberofcells": "11", "cells": [{"cellid": "1", "nestedtableid": [{"value": "null"}]}, {"cellid": "2", "nestedtableid": [{"value": "null"}]}, {"cellid": "3", "nestedtableid": [{"value": "null"}]}, {"cellid": "4", "nestedtableid": [{"value": "null"}]}, {"cellid": "5", "nestedtableid": [{"value": "null"}]}, {"cellid": "6", "nestedtableid": [{"value": "null"}]}, {"cellid": "7", "nestedtableid": [{"value": "null"}]}, {"cellid": "8", "nestedtableid": [{"value": "null"}]}, {"cellid": "9", "nestedtableid": [{"value": "null"}]}, {"cellid": "10", "nestedtableid": [{"value": "null"}]}, {"cellid": "11", "nestedtableid": [{"value": "null"}]}]}, {"rowid": "34", "numberofcells": "11", "cells": [{"cellid": "1", "nestedtableid": [{"value": "null"}]}, {"cellid": "2", "nestedtableid": [{"value": "null"}]}, {"cellid": "3", "nestedtableid": [{"value": "null"}]}, {"cellid": "4", "nestedtableid": [{"value": "null"}]}, {"cellid": "5", "nestedtableid": [{"value": "null"}]}, {"cellid": "6", "nestedtableid": [{"value": "null"}]}, {"cellid": "7", "nestedtableid": [{"value": "null"}]}, {"cellid": "8", "nestedtableid": [{"value": "null"}]}, {"cellid": "9", "nestedtableid": [{"value": "null"}]}, {"cellid": "10", "nestedtableid": [{"value": "null"}]}, {"cellid": "11", "nestedtableid": [{"value": "null"}]}]}, {"rowid": "35", "numberofcells": "11", "cells": [{"cellid": "1", "nestedtableid": [{"value": "null"}]}, {"cellid": "2", "nestedtableid": [{"value": "null"}]}, {"cellid": "3", "nestedtableid": [{"value": "null"}]}, {"cellid": "4", "nestedtableid": [{"value": "null"}]}, {"cellid": "5", "nestedtableid": [{"value": "null"}]}, {"cellid": "6", "nestedtableid": [{"value": "null"}]}, {"cellid": "7", "nestedtableid": [{"value": "null"}]}, {"cellid": "8", "nestedtableid": [{"value": "null"}]}, {"cellid": "9", "nestedtableid": [{"value": "null"}]}, {"cellid": "10", "nestedtableid": [{"value": "null"}]}, {"cellid": "11", "nestedtableid": [{"value": "null"}]}]}, {"rowid": "36", "numberofcells": "11", "cells": [{"cellid": "1", "nestedtableid": [{"value": "null"}]}, {"cellid": "2", "nestedtableid": [{"value": "null"}]}, {"cellid": "3", "nestedtableid": [{"value": "null"}]}, {"cellid": "4", "nestedtableid": [{"value": "null"}]}, {"cellid": "5", "nestedtableid": [{"value": "null"}]}, {"cellid": "6", "nestedtableid": [{"value": "null"}]}, {"cellid": "7", "nestedtableid": [{"value": "null"}]}, {"cellid": "8", "nestedtableid": [{"value": "null"}]}, {"cellid": "9", "nestedtableid": [{"value": "null"}]}, {"cellid": "10", "nestedtableid": [{"value": "null"}]}, {"cellid": "11", "nestedtableid": [{"value": "null"}]}]}, {"rowid": "37", "numberofcells": "11", "cells": [{"cellid": "1", "nestedtableid": [{"value": "null"}]}, {"cellid": "2", "nestedtableid": [{"value": "null"}]}, {"cellid": "3", "nestedtableid": [{"value": "null"}]}, {"cellid": "4", "nestedtableid": [{"value": "null"}]}, {"cellid": "5", "nestedtableid": [{"value": "null"}]}, {"cellid": "6", "nestedtableid": [{"value": "null"}]}, {"cellid": "7", "nestedtableid": [{"value": "null"}]}, {"cellid": "8", "nestedtableid": [{"value": "null"}]}, {"cellid": "9", "nestedtableid": [{"value": "null"}]}, {"cellid": "10", "nestedtableid": [{"value": "null"}]}, {"cellid": "11", "nestedtableid": [{"value": "null"}]}]}, {"rowid": "38", "numberofcells": "11", "cells": [{"cellid": "1", "nestedtableid": [{"value": "null"}]}, {"cellid": "2", "nestedtableid": [{"value": "null"}]}, {"cellid": "3", "nestedtableid": [{"value": "null"}]}, {"cellid": "4", "nestedtableid": [{"value": "null"}]}, {"cellid": "5", "nestedtableid": [{"value": "null"}]}, {"cellid": "6", "nestedtableid": [{"value": "null"}]}, {"cellid": "7", "nestedtableid": [{"value": "null"}]}, {"cellid": "8", "nestedtableid": [{"value": "null"}]}, {"cellid": "9", "nestedtableid": [{"value": "null"}]}, {"cellid": "10", "nestedtableid": [{"value": "null"}]}, {"cellid": "11", "nestedtableid": [{"value": "null"}]}]}, {"rowid": "39", "numberofcells": "11", "cells": [{"cellid": "1", "nestedtableid": [{"value": "null"}]}, {"cellid": "2", "nestedtableid": [{"value": "null"}]}, {"cellid": "3", "nestedtableid": [{"value": "null"}]}, {"cellid": "4", "nestedtableid": [{"value": "null"}]}, {"cellid": "5", "nestedtableid": [{"value": "null"}]}, {"cellid": "6", "nestedtableid": [{"value": "null"}]}, {"cellid": "7", "nestedtableid": [{"value": "null"}]}, {"cellid": "8", "nestedtableid": [{"value": "null"}]}, {"cellid": "9", "nestedtableid": [{"value": "null"}]}, {"cellid": "10", "nestedtableid": [{"value": "null"}]}, {"cellid": "11", "nestedtableid": [{"value": "null"}]}]}, {"rowid": "40", "numberofcells": "11", "cells": [{"cellid": "1", "nestedtableid": [{"value": "null"}]}, {"cellid": "2", "nestedtableid": [{"value": "null"}]}, {"cellid": "3", "nestedtableid": [{"value": "null"}]}, {"cellid": "4", "nestedtableid": [{"value": "null"}]}, {"cellid": "5", "nestedtableid": [{"value": "null"}]}, {"cellid": "6", "nestedtableid": [{"value": "null"}]}, {"cellid": "7", "nestedtableid": [{"value": "null"}]}, {"cellid": "8", "nestedtableid": [{"value": "null"}]}, {"cellid": "9", "nestedtableid": [{"value": "null"}]}, {"cellid": "10", "nestedtableid": [{"value": "null"}]}, {"cellid": "11", "nestedtableid": [{"value": "null"}]}]}, {"rowid": "41", "numberofcells": "11", "cells": [{"cellid": "1", "nestedtableid": [{"value": "null"}]}, {"cellid": "2", "nestedtableid": [{"value": "null"}]}, {"cellid": "3", "nestedtableid": [{"value": "null"}]}, {"cellid": "4", "nestedtableid": [{"value": "null"}]}, {"cellid": "5", "nestedtableid": [{"value": "null"}]}, {"cellid": "6", "nestedtableid": [{"value": "null"}]}, {"cellid": "7", "nestedtableid": [{"value": "null"}]}, {"cellid": "8", "nestedtableid": [{"value": "null"}]}, {"cellid": "9", "nestedtableid": [{"value": "null"}]}, {"cellid": "10", "nestedtableid": [{"value": "null"}]}, {"cellid": "11", "nestedtableid": [{"value": "null"}]}]}]}, {"tableid": "11", "numberofrows": "24", "rows": [{"rowid": "3", "numberofcells": "7", "cells": [{"cellid": "1", "nestedtableid": [{"value": "null"}]}, {"cellid": "2", "nestedtableid": [{"value": "null"}]}, {"cellid": "3", "nestedtableid": [{"value": "null"}]}, {"cellid": "4", "nestedtableid": [{"value": "null"}]}, {"cellid": "5", "nestedtableid": [{"value": "null"}]}, {"cellid": "6", "nestedtableid": [{"value": "null"}]}, {"cellid": "7", "nestedtableid": [{"value": "null"}]}]}, {"rowid": "4", "numberofcells": "7", "cells": [{"cellid": "1", "nestedtableid": [{"value": "null"}]}, {"cellid": "2", "nestedtableid": [{"value": "null"}]}, {"cellid": "3", "nestedtableid": [{"value": "null"}]}, {"cellid": "4", "nestedtableid": [{"value": "null"}]}, {"cellid": "5", "nestedtableid": [{"value": "null"}]}, {"cellid": "6", "nestedtableid": [{"value": "null"}]}, {"cellid": "7", "nestedtableid": [{"value": "null"}]}]}, {"rowid": "5", "numberofcells": "7", "cells": [{"cellid": "1", "nestedtableid": [{"value": "null"}]}, {"cellid": "2", "nestedtableid": [{"value": "null"}]}, {"cellid": "3", "nestedtableid": [{"value": "null"}]}, {"cellid": "4", "nestedtableid": [{"value": "null"}]}, {"cellid": "5", "nestedtableid": [{"value": "null"}]}, {"cellid": "6", "nestedtableid": [{"value": "null"}]}, {"cellid": "7", "nestedtableid": [{"value": "null"}]}]}, {"rowid": "6", "numberofcells": "7", "cells": [{"cellid": "1", "nestedtableid": [{"value": "null"}]}, {"cellid": "2", "nestedtableid": [{"value": "null"}]}, {"cellid": "3", "nestedtableid": [{"value": "null"}]}, {"cellid": "4", "nestedtableid": [{"value": "null"}]}, {"cellid": "5", "nestedtableid": [{"value": "null"}]}, {"cellid": "6", "nestedtableid": [{"value": "null"}]}, {"cellid": "7", "nestedtableid": [{"value": "null"}]}]}, {"rowid": "7", "numberofcells": "7", "cells": [{"cellid": "1", "nestedtableid": [{"value": "null"}]}, {"cellid": "2", "nestedtableid": [{"value": "null"}]}, {"cellid": "3", "nestedtableid": [{"value": "null"}]}, {"cellid": "4", "nestedtableid": [{"value": "null"}]}, {"cellid": "5", "nestedtableid": [{"value": "null"}]}, {"cellid": "6", "nestedtableid": [{"value": "null"}]}, {"cellid": "7", "nestedtableid": [{"value": "null"}]}]}, {"rowid": "8", "numberofcells": "7", "cells": [{"cellid": "1", "nestedtableid": [{"value": "null"}]}, {"cellid": "2", "nestedtableid": [{"value": "null"}]}, {"cellid": "3", "nestedtableid": [{"value": "null"}]}, {"cellid": "4", "nestedtableid": [{"value": "null"}]}, {"cellid": "5", "nestedtableid": [{"value": "null"}]}, {"cellid": "6", "nestedtableid": [{"value": "null"}]}, {"cellid": "7", "nestedtableid": [{"value": "null"}]}]}, {"rowid": "9", "numberofcells": "7", "cells": [{"cellid": "1", "nestedtableid": [{"value": "null"}]}, {"cellid": "2", "nestedtableid": [{"value": "null"}]}, {"cellid": "3", "nestedtableid": [{"value": "null"}]}, {"cellid": "4", "nestedtableid": [{"value": "null"}]}, {"cellid": "5", "nestedtableid": [{"value": "null"}]}, {"cellid": "6", "nestedtableid": [{"value": "null"}]}, {"cellid": "7", "nestedtableid": [{"value": "null"}]}]}, {"rowid": "10", "numberofcells": "7", "cells": [{"cellid": "1", "nestedtableid": [{"value": "null"}]}, {"cellid": "2", "nestedtableid": [{"value": "null"}]}, {"cellid": "3", "nestedtableid": [{"value": "null"}]}, {"cellid": "4", "nestedtableid": [{"value": "null"}]}, {"cellid": "5", "nestedtableid": [{"value": "null"}]}, {"cellid": "6", "nestedtableid": [{"value": "null"}]}, {"cellid": "7", "nestedtableid": [{"value": "null"}]}]}, {"rowid": "11", "numberofcells": "7", "cells": [{"cellid": "1", "nestedtableid": [{"value": "null"}]}, {"cellid": "2", "nestedtableid": [{"value": "null"}]}, {"cellid": "3", "nestedtableid": [{"value": "null"}]}, {"cellid": "4", "nestedtableid": [{"value": "null"}]}, {"cellid": "5", "nestedtableid": [{"value": "null"}]}, {"cellid": "6", "nestedtableid": [{"value": "null"}]}, {"cellid": "7", "nestedtableid": [{"value": "null"}]}]}, {"rowid": "12", "numberofcells": "7", "cells": [{"cellid": "1", "nestedtableid": [{"value": "null"}]}, {"cellid": "2", "nestedtableid": [{"value": "null"}]}, {"cellid": "3", "nestedtableid": [{"value": "null"}]}, {"cellid": "4", "nestedtableid": [{"value": "null"}]}, {"cellid": "5", "nestedtableid": [{"value": "null"}]}, {"cellid": "6", "nestedtableid": [{"value": "null"}]}, {"cellid": "7", "nestedtableid": [{"value": "null"}]}]}, {"rowid": "13", "numberofcells": "7", "cells": [{"cellid": "1", "nestedtableid": [{"value": "null"}]}, {"cellid": "2", "nestedtableid": [{"value": "null"}]}, {"cellid": "3", "nestedtableid": [{"value": "null"}]}, {"cellid": "4", "nestedtableid": [{"value": "null"}]}, {"cellid": "5", "nestedtableid": [{"value": "null"}]}, {"cellid": "6", "nestedtableid": [{"value": "null"}]}, {"cellid": "7", "nestedtableid": [{"value": "null"}]}]}, {"rowid": "14", "numberofcells": "7", "cells": [{"cellid": "1", "nestedtableid": [{"value": "null"}]}, {"cellid": "2", "nestedtableid": [{"value": "null"}]}, {"cellid": "3", "nestedtableid": [{"value": "null"}]}, {"cellid": "4", "nestedtableid": [{"value": "null"}]}, {"cellid": "5", "nestedtableid": [{"value": "null"}]}, {"cellid": "6", "nestedtableid": [{"value": "null"}]}, {"cellid": "7", "nestedtableid": [{"value": "null"}]}]}, {"rowid": "15", "numberofcells": "7", "cells": [{"cellid": "1", "nestedtableid": [{"value": "null"}]}, {"cellid": "2", "nestedtableid": [{"value": "null"}]}, {"cellid": "3", "nestedtableid": [{"value": "null"}]}, {"cellid": "4", "nestedtableid": [{"value": "null"}]}, {"cellid": "5", "nestedtableid": [{"value": "null"}]}, {"cellid": "6", "nestedtableid": [{"value": "null"}]}, {"cellid": "7", "nestedtableid": [{"value": "null"}]}]}, {"rowid": "16", "numberofcells": "7", "cells": [{"cellid": "1", "nestedtableid": [{"value": "null"}]}, {"cellid": "2", "nestedtableid": [{"value": "null"}]}, {"cellid": "3", "nestedtableid": [{"value": "null"}]}, {"cellid": "4", "nestedtableid": [{"value": "null"}]}, {"cellid": "5", "nestedtableid": [{"value": "null"}]}, {"cellid": "6", "nestedtableid": [{"value": "null"}]}, {"cellid": "7", "nestedtableid": [{"value": "null"}]}]}, {"rowid": "17", "numberofcells": "7", "cells": [{"cellid": "1", "nestedtableid": [{"value": "null"}]}, {"cellid": "2", "nestedtableid": [{"value": "null"}]}, {"cellid": "3", "nestedtableid": [{"value": "null"}]}, {"cellid": "4", "nestedtableid": [{"value": "null"}]}, {"cellid": "5", "nestedtableid": [{"value": "null"}]}, {"cellid": "6", "nestedtableid": [{"value": "null"}]}, {"cellid": "7", "nestedtableid": [{"value": "null"}]}]}, {"rowid": "18", "numberofcells": "7", "cells": [{"cellid": "1", "nestedtableid": [{"value": "null"}]}, {"cellid": "2", "nestedtableid": [{"value": "null"}]}, {"cellid": "3", "nestedtableid": [{"value": "null"}]}, {"cellid": "4", "nestedtableid": [{"value": "null"}]}, {"cellid": "5", "nestedtableid": [{"value": "null"}]}, {"cellid": "6", "nestedtableid": [{"value": "null"}]}, {"cellid": "7", "nestedtableid": [{"value": "null"}]}]}, {"rowid": "19", "numberofcells": "7", "cells": [{"cellid": "1", "nestedtableid": [{"value": "null"}]}, {"cellid": "2", "nestedtableid": [{"value": "null"}]}, {"cellid": "3", "nestedtableid": [{"value": "null"}]}, {"cellid": "4", "nestedtableid": [{"value": "null"}]}, {"cellid": "5", "nestedtableid": [{"value": "null"}]}, {"cellid": "6", "nestedtableid": [{"value": "null"}]}, {"cellid": "7", "nestedtableid": [{"value": "null"}]}]}, {"rowid": "20", "numberofcells": "7", "cells": [{"cellid": "1", "nestedtableid": [{"value": "null"}]}, {"cellid": "2", "nestedtableid": [{"value": "null"}]}, {"cellid": "3", "nestedtableid": [{"value": "null"}]}, {"cellid": "4", "nestedtableid": [{"value": "null"}]}, {"cellid": "5", "nestedtableid": [{"value": "null"}]}, {"cellid": "6", "nestedtableid": [{"value": "null"}]}, {"cellid": "7", "nestedtableid": [{"value": "null"}]}]}, {"rowid": "21", "numberofcells": "7", "cells": [{"cellid": "1", "nestedtableid": [{"value": "null"}]}, {"cellid": "2", "nestedtableid": [{"value": "null"}]}, {"cellid": "3", "nestedtableid": [{"value": "null"}]}, {"cellid": "4", "nestedtableid": [{"value": "null"}]}, {"cellid": "5", "nestedtableid": [{"value": "null"}]}, {"cellid": "6", "nestedtableid": [{"value": "null"}]}, {"cellid": "7", "nestedtableid": [{"value": "null"}]}]}, {"rowid": "22", "numberofcells": "7", "cells": [{"cellid": "1", "nestedtableid": [{"value": "null"}]}, {"cellid": "2", "nestedtableid": [{"value": "null"}]}, {"cellid": "3", "nestedtableid": [{"value": "null"}]}, {"cellid": "4", "nestedtableid": [{"value": "null"}]}, {"cellid": "5", "nestedtableid": [{"value": "null"}]}, {"cellid": "6", "nestedtableid": [{"value": "null"}]}, {"cellid": "7", "nestedtableid": [{"value": "null"}]}]}, {"rowid": "23", "numberofcells": "7", "cells": [{"cellid": "1", "nestedtableid": [{"value": "null"}]}, {"cellid": "2", "nestedtableid": [{"value": "null"}]}, {"cellid": "3", "nestedtableid": [{"value": "null"}]}, {"cellid": "4", "nestedtableid": [{"value": "null"}]}, {"cellid": "5", "nestedtableid": [{"value": "null"}]}, {"cellid": "6", "nestedtableid": [{"value": "null"}]}, {"cellid": "7", "nestedtableid": [{"value": "null"}]}]}, {"rowid": "24", "numberofcells": "7", "cells": [{"cellid": "1", "nestedtableid": [{"value": "null"}]}, {"cellid": "2", "nestedtableid": [{"value": "null"}]}, {"cellid": "3", "nestedtableid": [{"value": "null"}]}, {"cellid": "4", "nestedtableid": [{"value": "null"}]}, {"cellid": "5", "nestedtableid": [{"value": "null"}]}, {"cellid": "6", "nestedtableid": [{"value": "null"}]}, {"cellid": "7", "nestedtableid": [{"value": "null"}]}]}, {"rowid": "25", "numberofcells": "7", "cells": [{"cellid": "1", "nestedtableid": [{"value": "null"}]}, {"cellid": "2", "nestedtableid": [{"value": "null"}]}, {"cellid": "3", "nestedtableid": [{"value": "null"}]}, {"cellid": "4", "nestedtableid": [{"value": "null"}]}, {"cellid": "5", "nestedtableid": [{"value": "null"}]}, {"cellid": "6", "nestedtableid": [{"value": "null"}]}, {"cellid": "7", "nestedtableid": [{"value": "null"}]}]}, {"rowid": "26", "numberofcells": "7", "cells": [{"cellid": "1", "nestedtableid": [{"value": "null"}]}, {"cellid": "2", "nestedtableid": [{"value": "null"}]}, {"cellid": "3", "nestedtableid": [{"value": "null"}]}, {"cellid": "4", "nestedtableid": [{"value": "null"}]}, {"cellid": "5", "nestedtableid": [{"value": "null"}]}, {"cellid": "6", "nestedtableid": [{"value": "null"}]}, {"cellid": "7", "nestedtableid": [{"value": "null"}]}]}]}, {"tableid": "12", "numberofrows": "1", "rows": [{"rowid": "2", "numberofcells": "1", "cells": [{"cellid": "1", "nestedtableid": [{"value": "null"}]}]}]}, {"tableid": "13", "numberofrows": "3", "rows": [{"rowid": "1", "numberofcells": "6", "cells": [{"cellid": "1", "nestedtableid": [{"value": "null"}]}, {"cellid": "2", "nestedtableid": [{"value": "null"}]}, {"cellid": "3", "nestedtableid": [{"value": "null"}]}, {"cellid": "4", "nestedtableid": [{"value": "null"}]}, {"cellid": "5", "nestedtableid": [{"value": "null"}]}, {"cellid": "6", "nestedtableid": [{"value": "null"}]}]}, {"rowid": "2", "numberofcells": "6", "cells": [{"cellid": "1", "nestedtableid": [{"value": "null"}]}, {"cellid": "2", "nestedtableid": [{"value": "null"}]}, {"cellid": "3", "nestedtableid": [{"value": "null"}]}, {"cellid": "4", "nestedtableid": [{"value": "null"}]}, {"cellid": "5", "nestedtableid": [{"value": "null"}]}, {"cellid": "6", "nestedtableid": [{"value": "null"}]}]}, {"rowid": "3", "numberofcells": "6", "cells": [{"cellid": "1", "nestedtableid": [{"value": "null"}]}, {"cellid": "2", "nestedtableid": [{"value": "null"}]}, {"cellid": "3", "nestedtableid": [{"value": "null"}]}, {"cellid": "4", "nestedtableid": [{"value": "null"}]}, {"cellid": "5", "nestedtableid": [{"value": "null"}]}, {"cellid": "6", "nestedtableid": [{"value": "null"}]}]}]}, {"tableid": "14", "numberofrows": "1", "rows": [{"rowid": "2", "numberofcells": "3", "cells": [{"cellid": "1", "nestedtableid": [{"value": "null"}]}, {"cellid": "2", "nestedtableid": [{"value": "null"}]}, {"cellid": "3", "nestedtableid": [{"value": "null"}]}]}]}, {"tableid": "15", "numberofrows": "3", "rows": [{"rowid": "3", "numberofcells": "5", "cells": [{"cellid": "1", "nestedtableid": [{"value": "null"}]}, {"cellid": "2", "nestedtableid": [{"value": "null"}]}, {"cellid": "3", "nestedtableid": [{"value": "null"}]}, {"cellid": "4", "nestedtableid": [{"value": "null"}]}, {"cellid": "5", "nestedtableid": [{"value": "null"}]}]}, {"rowid": "4", "numberofcells": "5", "cells": [{"cellid": "1", "nestedtableid": [{"value": "null"}]}, {"cellid": "2", "nestedtableid": [{"value": "null"}]}, {"cellid": "3", "nestedtableid": [{"value": "null"}]}, {"cellid": "4", "nestedtableid": [{"value": "null"}]}, {"cellid": "5", "nestedtableid": [{"value": "null"}]}]}, {"rowid": "5", "numberofcells": "1", "cells": [{"cellid": "1", "nestedtableid": [{"value": "null"}]}]}]}, {"tableid": "16", "numberofrows": "5", "rows": [{"rowid": "1", "numberofcells": "2", "cells": [{"cellid": "1", "nestedtableid": [{"value": "null"}]}, {"cellid": "2", "nestedtableid": [{"value": "null"}]}]}, {"rowid": "2", "numberofcells": "2", "cells": [{"cellid": "1", "nestedtableid": [{"value": "null"}]}, {"cellid": "2", "nestedtableid": [{"value": "null"}]}]}, {"rowid": "3", "numberofcells": "2", "cells": [{"cellid": "1", "nestedtableid": [{"value": "null"}]}, {"cellid": "2", "nestedtableid": [{"value": "null"}]}]}, {"rowid": "4", "numberofcells": "2", "cells": [{"cellid": "1", "nestedtableid": [{"value": "null"}]}, {"cellid": "2", "nestedtableid": [{"value": "null"}]}]}, {"rowid": "5", "numberofcells": "2", "cells": [{"cellid": "1", "nestedtableid": [{"value": "null"}]}, {"cellid": "2", "nestedtableid": [{"value": "null"}]}]}]}]}