{"tables": [{"tableid": "1", "tabletype": "fixed", "rowalignment": "regular", "rowsize": "", "rowseperator": "", "tablename": "null", "optional": "false", "repeatable": "false", "texttomatch": {"text": "Adverse Event and other Safety Information\nMarket Research/Patient Support Program", "rownum": "1", "cellnum": "1"}, "headerrow": "13", "datastartrow": "14", "headertext": [{"headerrowtext": "Adverse Event and other Safety Information\nMarket Research/Patient Support Program"}, {"headerrowtext": "Program title:"}, {"headerrowtext": "1. Details about the Adverse Event/other Safety Information\nNote: For off-label use where there are no Adverse Events, only volunteered information should be captured"}, {"headerrowtext": "Description. For example, diagnosis, if possible. What were the symptoms? How did it happen? "}, {"headerrowtext": ""}, {"headerrowtext": "Start date of  Adverse Event/other Safety Information:    \n   \n________  -  ________  - _________      \n     DD               MMM              YYYY"}, {"headerrowtext": "Outcome of the Adverse event/other Safety Information. Tick the box that best describes the outcome now."}, {"headerrowtext": " Recovered (no more symptoms)\n Not recovered (no change in symptoms)"}, {"headerrowtext": "Did the person take or receive any treatment for the Adverse Event?                        Yes                 No\nIf yes, please specify:"}, {"headerrowtext": "2. About the patient who experienced  the Adverse Event/other Safety Information"}, {"headerrowtext": "Sex:     Male         Female Country:"}, {"headerrowtext": "Year of birth or age:_______________ \nOr\nAge group:    \n Infant     Child      Adolescent      Adult     Elderly"}, {"headerrowtext": "Any other relevant information? For example, does the patient have any relevant medical history?"}], "rows": [{"rowid": "14", "rowoptional": "false", "rowheader": "null", "cells": [{"cellid": "1", "celltype": "standard", "cellheader": "null", "celldata": "", "nestedtableid": {"value": "null"}}]}, {"rowid": "15", "rowoptional": "false", "rowheader": "null", "cells": [{"cellid": "1", "celltype": "standard", "cellheader": "null", "celldata": "2. About the patient who experienced  the Adverse Event/other Safety Information", "nestedtableid": {"value": "null"}}]}, {"rowid": "16", "rowoptional": "false", "rowheader": "null", "cells": [{"cellid": "1", "celltype": "standard", "cellheader": "null", "celldata": "Sex:     Male         Female", "nestedtableid": {"value": "null"}}, {"cellid": "4", "celltype": "standard", "cellheader": "null", "celldata": "Country:", "nestedtableid": {"value": "null"}}]}, {"rowid": "17", "rowoptional": "false", "rowheader": "null", "cells": [{"cellid": "1", "celltype": "standard", "cellheader": "null", "celldata": "Year of birth or age:_______________ \nOr\nAge group:    \n Infant     Child      Adolescent      Adult     Elderly", "nestedtableid": {"value": "null"}}, {"cellid": "4", "celltype": "standard", "cellheader": "null", "celldata": "Weight:___________    Kg          Lbs\n\n\nHeight:____________    meters    feet/inches", "nestedtableid": {"value": "null"}}]}, {"rowid": "18", "rowoptional": "false", "rowheader": "null", "cells": [{"cellid": "1", "celltype": "standard", "cellheader": "null", "celldata": "Any other relevant information? For example, does the patient have any relevant medical history?", "nestedtableid": {"value": "null"}}]}, {"rowid": "19", "rowoptional": "false", "rowheader": "null", "cells": [{"cellid": "1", "celltype": "standard", "cellheader": "null", "celldata": "", "nestedtableid": {"value": "null"}}]}, {"rowid": "20", "rowoptional": "false", "rowheader": "null", "cells": [{"cellid": "1", "celltype": "standard", "cellheader": "null", "celldata": "", "nestedtableid": {"value": "null"}}]}, {"rowid": "21", "rowoptional": "false", "rowheader": "null", "cells": [{"cellid": "1", "celltype": "standard", "cellheader": "null", "celldata": "", "nestedtableid": {"value": "null"}}]}, {"rowid": "22", "rowoptional": "false", "rowheader": "null", "cells": [{"cellid": "1", "celltype": "standard", "cellheader": "null", "celldata": "", "nestedtableid": {"value": "null"}}]}]}, {"tableid": "2", "tabletype": "fixed", "rowalignment": "regular", "rowsize": "", "rowseperator": "", "tablename": "null", "optional": "false", "repeatable": "false", "texttomatch": {"text": "\n3. Information about the product", "rownum": "1", "cellnum": "1"}, "headerrow": "15", "datastartrow": "16", "headertext": [{"headerrowtext": "\n3. Information about the product"}, {"headerrowtext": "Name of NOVO NORDISK product:\n What was the product taken for (indication)?"}, {"headerrowtext": "Dosage (for example, 10 units injected once daily): \n Lot/Batch no.:  "}, {"headerrowtext": "Start date:         _____ -  _____ - _______      \n                              DD         MMM        YYYY\nStop date :          _____  -  _____  - _______      \n(if applicable)    DD        MMM         YYYY"}, {"headerrowtext": "Does the reporter think this product might have contributed to the Adverse Event?              \n Yes (Possible)   No (Unlikely)      Unknown (reporter does not know)       Not reported/not requested from reporter"}, {"headerrowtext": "Does the reporter think other products might have contributed to the Adverse Event?    \n Yes (possible)   No (Unlikely)       Unknown (reporter does not know)      Not reported/not requested from reporter\nIf yes, please specify product name: _________________________________________________________________________"}, {"headerrowtext": "4. Reporter details"}, {"headerrowtext": "If the reporter is the patient, does the patient grant permission to contact the patient\u2019s doctor?      Yes          No\n\nIf yes, please fill in doctor\u2019s name and address:\nName: ___________________________________ Address: ______________________________________________________\n"}, {"headerrowtext": "Does the reporter consent to disclose personal details?              Yes       No\n\nIf no, please only complete the \u2018Type of reporter\u2019: "}, {"headerrowtext": "Name of reporter:  "}, {"headerrowtext": "Preferred method of contact:  Phone     E-mail "}, {"headerrowtext": "Contact details of reporter: "}, {"headerrowtext": "Type of reporter:\n Doctor        Nurse      Pharmacist        Patient        Other: ______________________________________________"}, {"headerrowtext": "5. SUPPLIER details (to be filled out by SUPPLIER agency)"}, {"headerrowtext": "Name of employee who prepared/received the report:"}], "rows": [{"rowid": "16", "rowoptional": "false", "rowheader": "null", "cells": [{"cellid": "1", "celltype": "standard", "cellheader": "null", "celldata": "5. SUPPLIER details (to be filled out by SUPPLIER agency)", "nestedtableid": {"value": "null"}}]}, {"rowid": "17", "rowoptional": "false", "rowheader": "null", "cells": [{"cellid": "1", "celltype": "standard", "cellheader": "null", "celldata": "Name of employee who prepared/received the report:", "nestedtableid": {"value": "null"}}]}, {"rowid": "18", "rowoptional": "false", "rowheader": "null", "cells": [{"cellid": "1", "celltype": "standard", "cellheader": "null", "celldata": "Date of receipt of the Adverse Event/Safety Information report:     _______ -  _______ - _______      \n                                                                                                                    DD           MMM           YYYY\n(This is the date the SUPPLIER first became aware/received the Adverse Event/Safety Information report)", "nestedtableid": {"value": "null"}}]}]}], "numberoftables": "2", "paragraphs": [{"paragraphid": "", "paragraphtext": ""}], "numberofparagraphs": ""}