{"tables": [{"tableid": "1", "tabletype": "fixed", "rowalignment": "regular", "rowsize": "", "rowseperator": "", "tablename": "null", "optional": "false", "repeatable": "false", "texttomatch": {"text": "Adverse Event (including Special Situations and Product Quality Complaint) Report \n- Market Research (Patients or Healthcare Professionals) ", "rownum": "1", "cellnum": "1"}, "headerrow": "26", "datastartrow": "27", "headertext": [{"headerrowtext": "Adverse Event (including Special Situations and Product Quality Complaint) Report \n- Market Research (Patients or Healthcare Professionals) "}, {"headerrowtext": "Minimum criteria - A suspect drug and an Adverse Event (AE) / Special Situation (SS)/ Product Quality Complaint (PQC)."}, {"headerrowtext": "Please complete as many details as possible and forward within one business day to your pharmaceutical company contact even if there is no identifiable patient. "}, {"headerrowtext": "Market Research Agency and Address:\n\nCluedo MR\n1-2 Murder Road, \nMystery, \nDD5 5DD,\nUK.\n Date aware of the AE / SS/ PQC: 08th October 2019"}, {"headerrowtext": "Agency Telephone No:\n\n+44 (0) 123 456 54321  Astellas Pharma MR Project ID (Zinc Job Bag Number): ONC-2019-CLUEDO-UK\n\nTitle of MR project:\nProstate Cancer"}, {"headerrowtext": "Agency Email: SusanScarlet@CluedoMR.com Respondent ID or AE / SS/ PQC No: AE3"}, {"headerrowtext": "Researcher's Name: Dr Susan Scarlet Researcher's Signature: "}, {"headerrowtext": "Indication (condition for which the drug(s) has been prescribed: Prostate Cancer  AE / SS / PQC details*: Not responding to treatment, PSA levels going up, patient discontinued"}, {"headerrowtext": "Unknown   AE / SS / PQC details*: Not responding to treatment, PSA levels going up, patient discontinued"}, {"headerrowtext": "Dose: AE / SS / PQC details*: Not responding to treatment, PSA levels going up, patient discontinued"}, {"headerrowtext": "Unknown  AE / SS / PQC details*: Not responding to treatment, PSA levels going up, patient discontinued"}, {"headerrowtext": "Was the patient pregnant?"}, {"headerrowtext": "Yes                                       "}, {"headerrowtext": "Reported to the National Regulator?  \n\nYes               No "}, {"headerrowtext": "Age: 84 Other: (year of birth, approximate age): "}, {"headerrowtext": "Sex:      Male                  Female  "}, {"headerrowtext": "No. of patients:    Individual patient             Multiple patients              State no. of patients if known:   "}, {"headerrowtext": "(only tick 'multiple patients' if no individual identifying details are available; otherwise please complete separate forms)"}, {"headerrowtext": "Respondent Details"}, {"headerrowtext": "ALL EXCEPT GERMANY: I agree to my contact information being passed to the pharmaceutical company\u2019s safety team for the purpose of following up on this adverse event report if follow up is necessary\nGERMANY ONLY: Are you willing for the market research agency to contact you / your doctor to discuss further?"}, {"headerrowtext": "No  "}, {"headerrowtext": "If the respondent is a patient:"}, {"headerrowtext": "All except UK: What is their doctor's name and address?\n\n\nUK Only: Record patient details if consent to contact given. \n"}, {"headerrowtext": "If respondent does not consent to disclose personal details, just complete the type of reporter"}, {"headerrowtext": "Respondent Name: \n\n\nDoctor \uf0fc\nNurse\nPatient\nPharmacist\nOther                                     Specify: \n"}, {"headerrowtext": "Respondent Email:"}], "rows": [{"rowid": "27", "rowoptional": "false", "rowheader": "null", "cells": [{"cellid": "1", "celltype": "standard", "cellheader": "null", "celldata": "No  ", "nestedtableid": {"value": "null"}}, {"cellid": "5", "celltype": "standard", "cellheader": "null", "celldata": "", "nestedtableid": {"value": "null"}}]}, {"rowid": "28", "rowoptional": "false", "rowheader": "null", "cells": [{"cellid": "1", "celltype": "standard", "cellheader": "null", "celldata": "If the respondent is a patient:", "nestedtableid": {"value": "null"}}]}, {"rowid": "29", "rowoptional": "false", "rowheader": "null", "cells": [{"cellid": "1", "celltype": "standard", "cellheader": "null", "celldata": "All except UK: What is their doctor's name and address?\n\n\nUK Only: Record patient details if consent to contact given. \n", "nestedtableid": {"value": "null"}}]}, {"rowid": "30", "rowoptional": "false", "rowheader": "null", "cells": [{"cellid": "1", "celltype": "standard", "cellheader": "null", "celldata": "If respondent does not consent to disclose personal details, just complete the type of reporter", "nestedtableid": {"value": "null"}}]}, {"rowid": "31", "rowoptional": "false", "rowheader": "null", "cells": [{"cellid": "1", "celltype": "standard", "cellheader": "null", "celldata": "Respondent Name:", "nestedtableid": {"value": "null"}}, {"cellid": "5", "celltype": "standard", "cellheader": "null", "celldata": "\n\n\nDoctor \uf0fc\nNurse\nPatient\nPharmacist\nOther                                     Specify: \n", "nestedtableid": {"value": "null"}}]}, {"rowid": "32", "rowoptional": "false", "rowheader": "null", "cells": [{"cellid": "1", "celltype": "standard", "cellheader": "null", "celldata": "Respondent Address:  \n\n\nSPAIN ONLY: Include city / city code", "nestedtableid": {"value": "null"}}, {"cellid": "5", "celltype": "standard", "cellheader": "null", "celldata": "", "nestedtableid": {"value": "null"}}]}, {"rowid": "33", "rowoptional": "false", "rowheader": "null", "cells": [{"cellid": "1", "celltype": "standard", "cellheader": "null", "celldata": "Respondent Telephone No:", "nestedtableid": {"value": "null"}}, {"cellid": "5", "celltype": "standard", "cellheader": "null", "celldata": "", "nestedtableid": {"value": "null"}}]}, {"rowid": "34", "rowoptional": "false", "rowheader": "null", "cells": [{"cellid": "1", "celltype": "standard", "cellheader": "null", "celldata": "Respondent Email:", "nestedtableid": {"value": "null"}}, {"cellid": "5", "celltype": "standard", "cellheader": "null", "celldata": "", "nestedtableid": {"value": "null"}}]}, {"rowid": "35", "rowoptional": "false", "rowheader": "null", "cells": [{"cellid": "1", "celltype": "standard", "cellheader": "null", "celldata": "* E.g., other medicines taken by the patient, relevant medical history, event outcome, action taken with the medicine, was the patient hospitalised? ", "nestedtableid": {"value": "null"}}]}]}], "numberoftables": "1", "paragraphs": [{"paragraphid": "", "paragraphtext": ""}], "numberofparagraphs": ""}